<xml>

    <dir>
        <title>FluxusTV</title>
        <link>https://raw.githubusercontent.com/jewbmx/xml/master/lists/FluxusIPTV.xml</link>
        <thumbnail>https://1.bp.blogspot.com/-_-7n-gpLtrc/W9UZEG7eOKI/AAAAAAAAEJY/8Wue7tEfF283fMa0J1WvdGFQQ02a5MRQgCLcBGAs/s1600/fluxustv.png</thumbnail>
    </dir>

    <dir>
        <title>StratusTV</title>
        <link>https://raw.githubusercontent.com/jewbmx/xml/master/lists/StratusTV.xml</link>
        <thumbnail>https://4.bp.blogspot.com/-oQNkqrqPQ98/W1jECk8g7YI/AAAAAAAADjU/FxPmjwup0QI6_2ni2icom0WpHSpx2gt2gCLcBGAs/s1600/Stratus_TV_Playlist.png</thumbnail>
    </dir>

    <dir>
        <title>LodgeTV</title>
        <link>https://raw.githubusercontent.com/jewbmx/xml/master/lists/LodgeTV.xml</link>
        <thumbnail>https://4.bp.blogspot.com/-Eg90Vh8Redo/W1jD5cl7sVI/AAAAAAAADjQ/b0uHeL1gjkkwKvqjhS-X0LpLqzVgPqaaACLcBGAs/s1600/LodgeTV_Playlist.png</thumbnail>
    </dir>

    <dir>
        <title>PlutoTV</title>
        <link>https://raw.githubusercontent.com/jewbmx/xml/master/lists/pluto.xml</link>
        <thumbnail>https://theme.zdassets.com/theme_assets/496583/0546ed4c7cfbac8588fa2fc415af4ea6cfe1ccc6.png</thumbnail>
    </dir>

    <dir>
        <title>SportsStreamNet(plugin.video.SportsDevil)</title>
        <link>https://raw.githubusercontent.com/jewbmx/xml/master/lists/SportsStreamNet.xml</link>
        <thumbnail>http://www.sports-stream.net/logo3.png</thumbnail>
    </dir>

    <dir>
        <title>YouTubeSports(plugin.video.youtube)</title>
        <link>https://raw.githubusercontent.com/jewbmx/xml/master/lists/YouTubeSports.xml</link>
        <thumbnail>http://tubularinsights.com/wp-content/uploads/2011/02/youtube-sports.jpg</thumbnail>
    </dir>

    <dir>
        <title>FilmON TV(Testing)</title>
        <link>https://raw.githubusercontent.com/jewbmx/xml/master/lists/filmon.xml</link>
        <thumbnail>https://static.filmon.com/theme/white_labels/1/img/logo_for_loading_x.png</thumbnail>
    </dir>

    <dir>
        <title>uschannels.m3u(Testing)</title>
        <link>https://raw.githubusercontent.com/jewbmx/xml/master/lists/uschannels.m3u</link>
        <thumbnail>https://github.com/jewbmx/repo/blob/master/img/anon.png?raw=true</thumbnail>
    </dir>

    <dir>
        <title>USA.m3u(Testing)</title>
        <link>https://raw.githubusercontent.com/jewbmx/xml/master/lists/USA.m3u</link>
        <thumbnail>https://github.com/jewbmx/repo/blob/master/img/anon.png?raw=true</thumbnail>
    </dir>

    <dir>
        <title>YouTubePile(plugin.video.youtube)</title>
        <link>https://raw.githubusercontent.com/jewbmx/xml/master/lists/youtubePile.xml</link>
        <thumbnail></thumbnail>
    </dir>

    <plugin>
        <title>TVTap(External Module/Plugin)</title>
        <link>plugin://script.module.tt</link>
        <thumbnail>http://tvtap.world/assets/img/footer-logo2.png</thumbnail>
    </plugin>

    <plugin>
        <title>Live NetTV(External Module/Plugin)</title>
        <link>plugin://script.module.livenettv.net</link>
        <thumbnail>https://www.livenettv.to/img/Logo.png</thumbnail>
    </plugin>

    <plugin>
        <title>TempTV(External Plugin)</title>
        <link>plugin://plugin.video.temptv</link>
        <thumbnail>https://github.com/Tempest0580/Temptv/blob/master/plugin.video.temptv/icon.png?raw=true</thumbnail>
    </plugin>

</xml>

