<xml>


    <item>
        <title>rated-b</title>
        <link>https://www.filmon.com/channel/rated-b</link>
        <thumbnail>https://static.filmon.com/theme/white_labels/1/img/logo_for_loading_x.png</thumbnail>
    </item>


    <item>
        <title>movie-loft-tv</title>
        <link>https://www.filmon.com/channel/movie-loft-tv</link>
        <thumbnail>https://static.filmon.com/theme/white_labels/1/img/logo_for_loading_x.png</thumbnail>
    </item>


    <item>
        <title>dragon-arena</title>
        <link>https://www.filmon.com/channel/dragon-arena</link>
        <thumbnail>https://static.filmon.com/theme/white_labels/1/img/logo_for_loading_x.png</thumbnail>
    </item>


    <item>
        <title>mad-science-cinema</title>
        <link>https://www.filmon.com/channel/mad-science-cinema</link>
        <thumbnail>https://static.filmon.com/theme/white_labels/1/img/logo_for_loading_x.png</thumbnail>
    </item>


    <item>
        <title>filmon-family</title>
        <link>https://www.filmon.com/channel/filmon-family</link>
        <thumbnail>https://static.filmon.com/theme/white_labels/1/img/logo_for_loading_x.png</thumbnail>
    </item>


    <item>
        <title>hollywood-war</title>
        <link>https://www.filmon.com/channel/hollywood-war</link>
        <thumbnail>https://static.filmon.com/theme/white_labels/1/img/logo_for_loading_x.png</thumbnail>
    </item>


    <item>
        <title>filmon-classic-films</title>
        <link>https://www.filmon.com/channel/filmon-classic-films</link>
        <thumbnail>https://static.filmon.com/theme/white_labels/1/img/logo_for_loading_x.png</thumbnail>
    </item>


    <item>
        <title>love-on-the-range</title>
        <link>https://www.filmon.com/channel/love-on-the-range</link>
        <thumbnail>https://static.filmon.com/theme/white_labels/1/img/logo_for_loading_x.png</thumbnail>
    </item>


    <item>
        <title>silent-cinema</title>
        <link>https://www.filmon.com/channel/silent-cinema</link>
        <thumbnail>https://static.filmon.com/theme/white_labels/1/img/logo_for_loading_x.png</thumbnail>
    </item>


    <item>
        <title>christmastime-tv</title>
        <link>https://www.filmon.com/channel/christmastime-tv</link>
        <thumbnail>https://static.filmon.com/theme/white_labels/1/img/logo_for_loading_x.png</thumbnail>
    </item>


    <item>
        <title>sherlock-holmes-channel</title>
        <link>https://www.filmon.com/channel/sherlock-holmes-channel</link>
        <thumbnail>https://static.filmon.com/theme/white_labels/1/img/logo_for_loading_x.png</thumbnail>
    </item>


    <item>
        <title>seven-sins-tv</title>
        <link>https://www.filmon.com/channel/seven-sins-tv</link>
        <thumbnail>https://static.filmon.com/theme/white_labels/1/img/logo_for_loading_x.png</thumbnail>
    </item>


    <item>
        <title>the-monarch-channel</title>
        <link>https://www.filmon.com/channel/the-monarch-channel</link>
        <thumbnail>https://static.filmon.com/theme/white_labels/1/img/logo_for_loading_x.png</thumbnail>
    </item>


    <item>
        <title>trailer-nut-tv</title>
        <link>https://www.filmon.com/channel/trailer-nut-tv</link>
        <thumbnail>https://static.filmon.com/theme/white_labels/1/img/logo_for_loading_x.png</thumbnail>
    </item>


    <item>
        <title>renderyard-films</title>
        <link>https://www.filmon.com/channel/renderyard-films</link>
        <thumbnail>https://static.filmon.com/theme/white_labels/1/img/logo_for_loading_x.png</thumbnail>
    </item>


    <item>
        <title>thespian-theater</title>
        <link>https://www.filmon.com/channel/thespian-theater</link>
        <thumbnail>https://static.filmon.com/theme/white_labels/1/img/logo_for_loading_x.png</thumbnail>
    </item>


    <item>
        <title>mongolian-invasion</title>
        <link>https://www.filmon.com/channel/mongolian-invasion</link>
        <thumbnail>https://static.filmon.com/theme/white_labels/1/img/logo_for_loading_x.png</thumbnail>
    </item>


    <item>
        <title>bloodzillathon</title>
        <link>https://www.filmon.com/channel/bloodzillathon</link>
        <thumbnail>https://static.filmon.com/theme/white_labels/1/img/logo_for_loading_x.png</thumbnail>
    </item>


    <item>
        <title>banned-westerns</title>
        <link>https://www.filmon.com/channel/banned-westerns</link>
        <thumbnail>https://static.filmon.com/theme/white_labels/1/img/logo_for_loading_x.png</thumbnail>
    </item>


    <item>
        <title>eurotrash</title>
        <link>https://www.filmon.com/channel/eurotrash</link>
        <thumbnail>https://static.filmon.com/theme/white_labels/1/img/logo_for_loading_x.png</thumbnail>
    </item>


    <item>
        <title>high-school</title>
        <link>https://www.filmon.com/channel/high-school</link>
        <thumbnail>https://static.filmon.com/theme/white_labels/1/img/logo_for_loading_x.png</thumbnail>
    </item>


    <item>
        <title>award-cinema</title>
        <link>https://www.filmon.com/channel/award-cinema</link>
        <thumbnail>https://static.filmon.com/theme/white_labels/1/img/logo_for_loading_x.png</thumbnail>
    </item>


    <item>
        <title>new-york-channel</title>
        <link>https://www.filmon.com/channel/new-york-channel</link>
        <thumbnail>https://static.filmon.com/theme/white_labels/1/img/logo_for_loading_x.png</thumbnail>
    </item>


    <item>
        <title>major-crimes</title>
        <link>https://www.filmon.com/channel/major-crimes</link>
        <thumbnail>https://static.filmon.com/theme/white_labels/1/img/logo_for_loading_x.png</thumbnail>
    </item>


    <item>
        <title>shockmasters</title>
        <link>https://www.filmon.com/channel/shockmasters</link>
        <thumbnail>https://static.filmon.com/theme/white_labels/1/img/logo_for_loading_x.png</thumbnail>
    </item>


    <item>
        <title>iflix-tv</title>
        <link>https://www.filmon.com/channel/iflix-tv</link>
        <thumbnail>https://static.filmon.com/theme/white_labels/1/img/logo_for_loading_x.png</thumbnail>
    </item>


    <item>
        <title>campy-channel</title>
        <link>https://www.filmon.com/channel/campy-channel</link>
        <thumbnail>https://static.filmon.com/theme/white_labels/1/img/logo_for_loading_x.png</thumbnail>
    </item>


    <item>
        <title>matriarch-tv</title>
        <link>https://www.filmon.com/channel/matriarch-tv</link>
        <thumbnail>https://static.filmon.com/theme/white_labels/1/img/logo_for_loading_x.png</thumbnail>
    </item>


    <item>
        <title>the-film-detective</title>
        <link>https://www.filmon.com/channel/the-film-detective</link>
        <thumbnail>https://static.filmon.com/theme/white_labels/1/img/logo_for_loading_x.png</thumbnail>
    </item>


    <item>
        <title>hollywood-show-live</title>
        <link>https://www.filmon.com/channel/hollywood-show-live</link>
        <thumbnail>https://static.filmon.com/theme/white_labels/1/img/logo_for_loading_x.png</thumbnail>
    </item>


    <item>
        <title>inside-the-ring</title>
        <link>https://www.filmon.com/channel/inside-the-ring</link>
        <thumbnail>https://static.filmon.com/theme/white_labels/1/img/logo_for_loading_x.png</thumbnail>
    </item>


    <item>
        <title>the-goldenboy-channel</title>
        <link>https://www.filmon.com/channel/golden-boy-channel</link>
        <thumbnail>https://static.filmon.com/theme/white_labels/1/img/logo_for_loading_x.png</thumbnail>
    </item>


    <item>
        <title>pugilism-tv</title>
        <link>https://www.filmon.com/channel/pugilism-tv</link>
        <thumbnail>https://static.filmon.com/theme/white_labels/1/img/logo_for_loading_x.png</thumbnail>
    </item>


    <item>
        <title>fighting-athletes-network</title>
        <link>https://www.filmon.com/channel/fighting-athletes-network</link>
        <thumbnail>https://static.filmon.com/theme/white_labels/1/img/logo_for_loading_x.png</thumbnail>
    </item>


    <item>
        <title>live-boxing</title>
        <link>https://www.filmon.com/channel/live-boxing</link>
        <thumbnail>https://static.filmon.com/theme/white_labels/1/img/logo_for_loading_x.png</thumbnail>
    </item>


    <item>
        <title>armed-forces-boxing</title>
        <link>https://www.filmon.com/channel/armed-forces-boxing</link>
        <thumbnail>https://static.filmon.com/theme/white_labels/1/img/logo_for_loading_x.png</thumbnail>
    </item>


    <item>
        <title>gfl-combat-Sport</title>
        <link>https://www.filmon.com/channel/gfl-combat-Sport</link>
        <thumbnail>https://static.filmon.com/theme/white_labels/1/img/logo_for_loading_x.png</thumbnail>
    </item>


    <item>
        <title>ppv-celebrity-fight</title>
        <link>https://www.filmon.com/channel/ppv-celebrity-fight</link>
        <thumbnail>https://static.filmon.com/theme/white_labels/1/img/logo_for_loading_x.png</thumbnail>
    </item>


    <item>
        <title>storytrender-nature</title>
        <link>https://www.filmon.com/channel/storytrender-nature</link>
        <thumbnail>https://static.filmon.com/theme/white_labels/1/img/logo_for_loading_x.png</thumbnail>
    </item>


    <item>
        <title>/bayou-country-outdoors</title>
        <link>https://www.filmon.com/channel/bayou-country-outdoors</link>
        <thumbnail>https://static.filmon.com/theme/white_labels/1/img/logo_for_loading_x.png</thumbnail>
    </item>


    <item>
        <title>student-of-the-gun</title>
        <link>https://www.filmon.com/channel/student-of-the-gun</link>
        <thumbnail>https://static.filmon.com/theme/white_labels/1/img/logo_for_loading_x.png</thumbnail>
    </item>


    <item>
        <title>ultimate-outdoors</title>
        <link>https://www.filmon.com/channel/ultimate-outdoors</link>
        <thumbnail>https://static.filmon.com/theme/white_labels/1/img/logo_for_loading_x.png</thumbnail>
    </item>


    <item>
        <title>wilderness-channel</title>
        <link>https://www.filmon.com/channel/wilderness-channel</link>
        <thumbnail>https://static.filmon.com/theme/white_labels/1/img/logo_for_loading_x.png</thumbnail>
    </item>


    <item>
        <title>raceline-tv</title>
        <link>https://www.filmon.com/channel/raceline-tv</link>
        <thumbnail>https://static.filmon.com/theme/white_labels/1/img/logo_for_loading_x.png</thumbnail>
    </item>


    <item>
        <title>race-central-tv</title>
        <link>https://www.filmon.com/channel/race-central-tv</link>
        <thumbnail>https://static.filmon.com/theme/white_labels/1/img/logo_for_loading_x.png</thumbnail>
    </item>


    <item>
        <title>channel/honda-hpd</title>
        <link>https://www.filmon.com/channel/honda-hpd</link>
        <thumbnail>https://static.filmon.com/theme/white_labels/1/img/logo_for_loading_x.png</thumbnail>
    </item>


    <item>
        <title>torque-and-tush</title>
        <link>https://www.filmon.com/channel/torque-and-tush</link>
        <thumbnail>https://static.filmon.com/theme/white_labels/1/img/logo_for_loading_x.png</thumbnail>
    </item>


    <item>
        <title>itv</title>
        <link>https://www.filmon.com/channel/itv_1</link>
        <thumbnail>https://static.filmon.com/theme/white_labels/1/img/logo_for_loading_x.png</thumbnail>
    </item>


    <item>
        <title>auto-channel</title>
        <link>https://www.filmon.com/channel/auto-channel</link>
        <thumbnail>https://static.filmon.com/theme/white_labels/1/img/logo_for_loading_x.png</thumbnail>
    </item>


    <item>
        <title>the-romance</title>
        <link>https://www.filmon.com/channel/the-romance</link>
        <thumbnail>https://static.filmon.com/theme/white_labels/1/img/logo_for_loading_x.png</thumbnail>
    </item>


    <item>
        <title>motorz</title>
        <link>https://www.filmon.com/channel/motorz</link>
        <thumbnail>https://static.filmon.com/theme/white_labels/1/img/logo_for_loading_x.png</thumbnail>
    </item>


    <item>
        <title>steel-dreams</title>
        <link>https://www.filmon.com/channel/steel-dreams</link>
        <thumbnail>https://static.filmon.com/theme/white_labels/1/img/logo_for_loading_x.png</thumbnail>
    </item>


    <item>
        <title>distant-roads</title>
        <link>https://www.filmon.com/channel/distant-roads</link>
        <thumbnail>https://static.filmon.com/theme/white_labels/1/img/logo_for_loading_x.png</thumbnail>
    </item>


    <item>
        <title>charlie-mooer-no-offense</title>
        <link>https://www.filmon.com/channel/charlie-mooer-no-offense</link>
        <thumbnail>https://static.filmon.com/theme/white_labels/1/img/logo_for_loading_x.png</thumbnail>
    </item>


    <item>
        <title>kung-fu-classics</title>
        <link>https://www.filmon.com/channel/kung-fu-classics</link>
        <thumbnail>https://static.filmon.com/theme/white_labels/1/img/logo_for_loading_x.png</thumbnail>
    </item>


    <item>
        <title>lumbfilm-comedy</title>
        <link>https://www.filmon.com/channel/lumbfilm-comedy</link>
        <thumbnail>https://static.filmon.com/theme/white_labels/1/img/logo_for_loading_x.png</thumbnail>
    </item>


    <item>
        <title>filmon-comedy-classics</title>
        <link>https://www.filmon.com/channel/filmon-comedy-classics</link>
        <thumbnail>https://static.filmon.com/theme/white_labels/1/img/logo_for_loading_x.png</thumbnail>
    </item>


    <item>
        <title>comiczoo</title>
        <link>https://www.filmon.com/channel/comiczoo</link>
        <thumbnail>https://static.filmon.com/theme/white_labels/1/img/logo_for_loading_x.png</thumbnail>
    </item>


    <item>
        <title>the-placeholders</title>
        <link>https://www.filmon.com/channel/the-placeholders</link>
        <thumbnail>https://static.filmon.com/theme/white_labels/1/img/logo_for_loading_x.png</thumbnail>
    </item>


    <item>
        <title>supa-pirate-booty-hunt</title>
        <link>https://www.filmon.com/channel/supa-pirate-booty-hunt</link>
        <thumbnail>https://static.filmon.com/theme/white_labels/1/img/logo_for_loading_x.png</thumbnail>
    </item>


    <item>
        <title>fun-little-movies</title>
        <link>https://www.filmon.com/channel/fun-little-movies</link>
        <thumbnail>https://static.filmon.com/theme/white_labels/1/img/logo_for_loading_x.png</thumbnail>
    </item>


    <item>
        <title>eye-for-an-eye</title>
        <link>https://www.filmon.com/channel/eye-for-an-eye</link>
        <thumbnail>https://static.filmon.com/theme/white_labels/1/img/logo_for_loading_x.png</thumbnail>
    </item>


    <item>
        <title>the-dick-van-dyke-show</title>
        <link>https://www.filmon.com/channel/the-dick-van-dyke-show</link>
        <thumbnail>https://static.filmon.com/theme/white_labels/1/img/logo_for_loading_x.png</thumbnail>
    </item>


    <item>
        <title>the-beverly-hillbillies</title>
        <link>https://www.filmon.com/channel/filmon-binge-the-beverly-hillbillies</link>
        <thumbnail>https://static.filmon.com/theme/white_labels/1/img/logo_for_loading_x.png</thumbnail>
    </item>


    <item>
        <title>-one-step-beyond</title>
        <link>https://www.filmon.com/channel/filmon-binge-one-step-beyond</link>
        <thumbnail>https://static.filmon.com/theme/white_labels/1/img/logo_for_loading_x.png</thumbnail>
    </item>


    <item>
        <title>ozzie-harriet</title>
        <link>https://www.filmon.com/channel/filmon-binge-ozzie-harriet</link>
        <thumbnail>https://static.filmon.com/theme/white_labels/1/img/logo_for_loading_x.png</thumbnail>
    </item>


    <item>
        <title>bonanza</title>
        <link>https://www.filmon.com/channel/filmon-binge-bonanza</link>
        <thumbnail>https://static.filmon.com/theme/white_labels/1/img/logo_for_loading_x.png</thumbnail>
    </item>


    <item>
        <title>colgate-comedy-hour</title>
        <link>https://www.filmon.com/channel/the-colgate-comedy-hour</link>
        <thumbnail>https://static.filmon.com/theme/white_labels/1/img/logo_for_loading_x.png</thumbnail>
    </item>


    <item>
        <title>dragnet-tv</title>
        <link>https://www.filmon.com/channel/dragnet-tv</link>
        <thumbnail>https://static.filmon.com/theme/white_labels/1/img/logo_for_loading_x.png</thumbnail>
    </item>


    <item>
        <title>the-red-skelton-show-tv</title>
        <link>https://www.filmon.com/channel/the-red-skelton-show-tv</link>
        <thumbnail>https://static.filmon.com/theme/white_labels/1/img/logo_for_loading_x.png</thumbnail>
    </item>


    <item>
        <title>the-lucy-show</title>
        <link>https://www.filmon.com/channel/the-lucy-show</link>
        <thumbnail>https://static.filmon.com/theme/white_labels/1/img/logo_for_loading_x.png</thumbnail>
    </item>


</xml>


