<xml>

    <item>
        <title>4K TV</title>
        <link>
            <sublink name="Stream 1 ">https://stitcher.pluto.tv/stitch/hls/channel/553838c8c0b860c11a631f3a/master.m3u8?deviceType=&deviceMake=&deviceModel=&sid=b4c19bad-f2ee-41c2-8e28-fbd87d36e3a3&deviceId=&deviceVersion=&appVersion=&deviceDNT=&userId=&advertisingId=&deviceLat=&deviceLon=-&app_name=&appName=&appStoreUrl=&profileLimit=high</sublink>
            <sublink name="Stream 2 ">https://stitcher.pluto.tv/stitch/hls/channel/553838c8c0b860c11a631f3a/master.m3u8?deviceType=web&deviceMake=Chrome&deviceModel=Chrome&sid=d4e39858-3408-4e56-aaa4-b88b44412557&deviceId=fe5e8fab-2fda-4c6e-b1a5-43fc8823fca1&deviceVersion=69.0.3497.100&appVersion=2.1.4&deviceDNT=0&userId=&advertisingId=&deviceLat=37.6783&deviceLon=-120.9501&app_name=&appName=&appStoreUrl=&serverSideAds=true</sublink>
        </link>
        <thumbnail>https://static.pluto.tv/channels/553838c8c0b860c11a631f3a/logo.png</thumbnail>
    </item>

    <item>
        <title>Action Movies</title>
        <link>
            <sublink name="Stream 1 ">https://stitcher.pluto.tv/stitch/hls/channel/561d7d484dc7c8770484914a/master.m3u8?deviceType=&deviceMake=&deviceModel=&sid=2&deviceId=&deviceVersion=&appVersion=&deviceDNT=&userId=&advertisingId=&deviceLat=&deviceLon=-&app_name=&appName=&appStoreUrl=&profileLimit=high</sublink>
        </link>
        <thumbnail>https://static.pluto.tv/channels/561d7d484dc7c8770484914a/logo.png</thumbnail>
    </item>

    <item>
        <title>Adventure TV</title>
        <link>
            <sublink name="Stream 1 ">https://stitcher.pluto.tv/stitch/hls/channel/5938876b78d8d9c074c3c657/master.m3u8?deviceType=&deviceMake=&deviceModel=&sid=2&deviceId=&deviceVersion=&appVersion=&deviceDNT=&userId=&advertisingId=&deviceLat=&deviceLon=-&app_name=&appName=&appStoreUrl=&profileLimit=high</sublink>
            <sublink name="Stream 2 ">https://stitcher.pluto.tv/stitch/hls/channel/5938876b78d8d9c074c3c657/master.m3u8?deviceType=web&deviceMake=Chrome&deviceModel=Chrome&sid=f58b3c32-87c9-4a36-b295-27a80a668599&deviceId=fe5e8fab-2fda-4c6e-b1a5-43fc8823fca1&deviceVersion=69.0.3497.100&appVersion=2.1.4&deviceDNT=0&userId=&advertisingId=&deviceLat=37.6783&deviceLon=-120.9501&app_name=&appName=&appStoreUrl=&serverSideAds=true</sublink>
        </link>
        <thumbnail>https://static.pluto.tv/channels/5938876b78d8d9c074c3c657/logo.png</thumbnail>
    </item>

    <item>
        <title>After School Cartoons</title>
        <link>
            <sublink name="Stream 1 ">https://stitcher.pluto.tv/stitch/hls/channel/56171fafada51f8004c4b40f/master.m3u8?deviceType=%2C%2C&deviceMake=&deviceModel=&sid=0cc9f1f1-724b-489f-b1dd-61b832b70b78&deviceId=-e2a5-45de-8deb-3b3dfa36b936_e62c9abb601b4ed5&deviceVersion=7.1.1_25&appVersion=3.5.1&deviceDNT=0&userId=&advertisingId=6e7a218c-1bf7-46bf-b486-0902a3cd5a1c&deviceLat=&deviceLon=-&app_name=&appName=&appStoreUrl=&profileLimit=high</sublink>
            <sublink name="Stream 2 ">https://stitcher.pluto.tv/stitch/hls/channel/56171fafada51f8004c4b40f/master.m3u8?deviceType=web&deviceMake=Chrome&deviceModel=Chrome&sid=d4e39858-3408-4e56-aaa4-b88b44412557&deviceId=fe5e8fab-2fda-4c6e-b1a5-43fc8823fca1&deviceVersion=69.0.3497.100&appVersion=2.1.4&deviceDNT=0&userId=&advertisingId=&deviceLat=37.6783&deviceLon=-120.9501&app_name=&appName=&appStoreUrl=&serverSideAds=true</sublink>
        </link>
        <thumbnail>https://static.pluto.tv/channels/56171fafada51f8004c4b40f/logo.png</thumbnail>
    </item>

    <item>
        <title>Animals</title>
        <link>
            <sublink name="Stream 1 ">https://stitcher.pluto.tv/stitch/hls/channel/56b27f85ff3037045055037e/master.m3u8?deviceType=&deviceMake=&deviceVersion=&deviceId=&appVersion=&deviceDNT=0&deviceModel=&embedPartner=pluto.tv&sid=sb3stkgum0jt2soq367mu97333</sublink>
        </link>
        <thumbnail>https://static.pluto.tv/channels/56b27f85ff3037045055037e/logo.png</thumbnail>
    </item>

    <item>
        <title>Anime All Ages</title>
        <link>
            <sublink name="Stream 1 ">https://stitcher.pluto.tv/stitch/hls/channel/5be4c6311843b56328bce619/master.m3u8?deviceType=&deviceMake=&deviceVersion=&deviceId=&appVersion=&deviceDNT=0&deviceModel=&embedPartner=pluto.tv&sid=a24jbjrh2o33lln3jns6j2tmn0</sublink>
        </link>
        <thumbnail>https://static.pluto.tv/channels/5be4c6311843b56328bce619/logo.png</thumbnail>
    </item>

    <item>
        <title>Anime All Day</title>
        <link>
            <sublink name="Stream 1 ">https://stitcher.pluto.tv/stitch/hls/channel/5812b7d3249444e05d09cc49/master.m3u8?deviceType=&deviceMake=&deviceModel=&sid=1&deviceId=&deviceVersion=&appVersion=&deviceDNT=0&userId=&advertisingId=&deviceLat=&deviceLon=-&app_name=&appName=&appStoreUrl=&profileLimit=high</sublink>
        </link>
        <thumbnail>https://static.pluto.tv/channels/5812b7d3249444e05d09cc49/logo.png</thumbnail>
    </item>

    <item>
        <title>Awesomeness TV</title>
        <link>
            <sublink name="Stream 1 ">https://stitcher.pluto.tv/stitch/hls/channel/5595e43c66ace1652e63c6a2/master.m3u8?deviceType=&deviceMake=&deviceModel=&sid=b4c19bad-f2ee-41c2-8e28-fbd87d36e3a3&deviceId=&deviceVersion=&appVersion=&deviceDNT=&userId=&advertisingId=&deviceLat=&deviceLon=-&app_name=&appName=&appStoreUrl=&profileLimit=high</sublink>
        </link>
        <thumbnail>https://static.pluto.tv/channels/5595e43c66ace1652e63c6a2/logo.png</thumbnail>
    </item>

    <item>
        <title>BET</title>
        <link>
            <sublink name="Stream 1 ">https://stitcher.pluto.tv/stitch/hls/channel/5ca670f6593a5d78f0e85aed/master.m3u8?deviceType=&deviceMake=&deviceVersion=&deviceId=&appVersion=&deviceDNT=0&deviceModel=&embedPartner=pluto.tv&sid=gcuqage0urlhccbp8kbecjc830</sublink>
        </link>
        <thumbnail>https://static.pluto.tv/channels/5ca670f6593a5d78f0e85aed/logo.png</thumbnail>
    </item>

    <item>
        <title>Big Sky Conference</title>
        <link>
            <sublink name="Stream 1 ">https://stitcher.pluto.tv/stitch/hls/channel/59641d9173ac1fec2fc01f17/master.m3u8?deviceType=&deviceMake=&deviceModel=&sid=b4c19bad-f2ee-41c2-8e28-fbd87d36e3a3&deviceId=&deviceVersion=&appVersion=&deviceDNT=&userId=&advertisingId=&deviceLat=&deviceLon=-&app_name=&appName=&appStoreUrl=&profileLimit=high</sublink>
            <sublink name="Stream 2 ">https://stitcher.pluto.tv/stitch/hls/channel/59641d9173ac1fec2fc01f17/master.m3u8?deviceType=web&deviceMake=Chrome&deviceModel=Chrome&sid=d4e39858-3408-4e56-aaa4-b88b44412557&deviceId=fe5e8fab-2fda-4c6e-b1a5-43fc8823fca1&deviceVersion=69.0.3497.100&appVersion=2.1.4&deviceDNT=0&userId=&advertisingId=&deviceLat=37.6783&deviceLon=-120.9501&app_name=&appName=&appStoreUrl=&serverSideAds=true</sublink>
        </link>
        <thumbnail>https://static.pluto.tv/channels/59641d9173ac1fec2fc01f17/logo.png</thumbnail>
    </item>

    <item>
        <title>Biography</title>
        <link>
            <sublink name="Stream 1 ">https://stitcher.pluto.tv/stitch/hls/channel/5c2e8c4a9e06fa0511b75276/master.m3u8?deviceType=&deviceMake=&deviceVersion=&deviceId=&appVersion=&deviceDNT=0&deviceModel=&embedPartner=pluto.tv&sid=jaasl9n3jh3esnglai5na3geu7</sublink>
        </link>
        <thumbnail>https://static.pluto.tv/channels/5c2e8c4a9e06fa0511b75276/logo.png</thumbnail>
    </item>

    <item>
        <title>Black Cinema</title>
        <link>
            <sublink name="Stream 1 ">https://stitcher.pluto.tv/stitch/hls/channel/58af4c093a41ca9d4ecabe96/master.m3u8?deviceType=web&deviceMake=Chrome&deviceModel=Chrome&sid=d4e39858-3408-4e56-aaa4-b88b44412557&deviceId=fe5e8fab-2fda-4c6e-b1a5-43fc8823fca1&deviceVersion=69.0.3497.100&appVersion=2.1.4&deviceDNT=0&userId=&advertisingId=&deviceLat=37.6783&deviceLon=-120.9501&app_name=&appName=&appStoreUrl=&serverSideAds=true</sublink>
        </link>
        <thumbnail>https://static.pluto.tv/channels/58af4c093a41ca9d4ecabe96/logo.png</thumbnail>
    </item>

    <item>
        <title>BloomBerg</title>
        <link>
            <sublink name="Stream 1 ">https://stitcher.pluto.tv/stitch/hls/channel/54ff7ba69222cb1c2624c584/master.m3u8?deviceType=web&deviceMake=Chrome&deviceModel=Chrome&sid=f58b3c32-87c9-4a36-b295-27a80a668599&deviceId=fe5e8fab-2fda-4c6e-b1a5-43fc8823fca1&deviceVersion=69.0.3497.100&appVersion=2.1.4&deviceDNT=0&userId=&advertisingId=&deviceLat=37.6783&deviceLon=-120.9501&app_name=&appName=&appStoreUrl=</sublink>
        </link>
        <thumbnail>https://static.pluto.tv/channels/54ff7ba69222cb1c2624c584/logo.png</thumbnail>
    </item>

    <item>
        <title>Cars</title>
        <link>
            <sublink name="Stream 1 ">https://stitcher.pluto.tv/stitch/hls/channel/5812b3a4249444e05d09cc46/master.m3u8?deviceType=&deviceMake=&deviceModel=&sid=2&deviceId=&deviceVersion=&appVersion=&deviceDNT=&userId=&advertisingId=&deviceLat=&deviceLon=-&app_name=&appName=&appStoreUrl=&profileLimit=high</sublink>
            <sublink name="Stream 2 ">https://stitcher.pluto.tv/stitch/hls/channel/5812b3a4249444e05d09cc46/master.m3u8?deviceType=web&deviceMake=Chrome&deviceModel=Chrome&sid=d4e39858-3408-4e56-aaa4-b88b44412557&deviceId=fe5e8fab-2fda-4c6e-b1a5-43fc8823fca1&deviceVersion=69.0.3497.100&appVersion=2.1.4&deviceDNT=0&userId=&advertisingId=&deviceLat=37.6783&deviceLon=-120.9501&app_name=&appName=&appStoreUrl=&serverSideAds=true</sublink>
        </link>
        <thumbnail>https://static.pluto.tv/channels/5812b3a4249444e05d09cc46/logo.png</thumbnail>
    </item>

    <item>
        <title>Cash Cab</title>
        <link>
            <sublink name="Stream 1 ">https://stitcher.pluto.tv/stitch/hls/channel/5c37dec3de714a458f5c0f41/master.m3u8?deviceType=&deviceMake=&deviceVersion=&deviceId=&appVersion=&deviceDNT=0&deviceModel=&embedPartner=pluto.tv&sid=cde3cigj2626i43pra7jrnrbs4</sublink>
        </link>
        <thumbnail>https://static.pluto.tv/channels/5c37dec3de714a458f5c0f41/logo.png</thumbnail>
    </item>

    <item>
        <title>Cats 24/7</title>
        <link>
            <sublink name="Stream 1 ">https://stitcher.pluto.tv/stitch/hls/channel/599375885ceaac3cabccbed7/master.m3u8?deviceType=&deviceMake=&deviceModel=&sid=5&deviceId=&deviceVersion=&appVersion=&deviceDNT=&userId=&advertisingId=&deviceLat=&deviceLon=-&app_name=&appName=&appStoreUrl=&profileLimit=high</sublink>
            <sublink name="Stream 2 ">https://stitcher.pluto.tv/stitch/hls/channel/599375885ceaac3cabccbed7/master.m3u8?deviceType=web&deviceMake=Chrome&deviceModel=Chrome&sid=d4e39858-3408-4e56-aaa4-b88b44412557&deviceId=fe5e8fab-2fda-4c6e-b1a5-43fc8823fca1&deviceVersion=69.0.3497.100&appVersion=2.1.4&deviceDNT=0&userId=&advertisingId=&deviceLat=37.6783&deviceLon=-120.9501&app_name=&appName=&appStoreUrl=&serverSideAds=true</sublink>
        </link>
        <thumbnail>https://static.pluto.tv/channels/599375885ceaac3cabccbed7/logo.png</thumbnail>
    </item>

    <item>
        <title>CBSN</title>
        <link>
            <sublink name="Stream 1 ">https://stitcher.pluto.tv/stitch/hls/channel/5a6b92f6e22a617379789618/master.m3u8?deviceType=web&deviceMake=Chrome&deviceModel=Chrome&sid=f58b3c32-87c9-4a36-b295-27a80a668599&deviceId=fe5e8fab-2fda-4c6e-b1a5-43fc8823fca1&deviceVersion=69.0.3497.100&appVersion=2.1.4&deviceDNT=0&userId=&advertisingId=&deviceLat=37.6783&deviceLon=-120.9501&app_name=&appName=&appStoreUrl=&serverSideAds=true</sublink>
        </link>
        <thumbnail>https://static.pluto.tv/channels/5a6b92f6e22a617379789618/logo.png</thumbnail>
    </item>

    <item>
        <title>Chassy</title>
        <link>
            <sublink name="Stream 1 ">https://stitcher.pluto.tv/stitch/hls/channel/5b6b285823ecb93393cbf766/master.m3u8?deviceType=&deviceMake=&deviceModel=&sid=4&deviceId=&deviceVersion=&appVersion=&deviceDNT=&userId=&advertisingId=&deviceLat=&deviceLon=-&app_name=&appName=&appStoreUrl=&profileLimit=high</sublink>
            <sublink name="Stream 2 ">https://stitcher.pluto.tv/stitch/hls/channel/5b6b285823ecb93393cbf766/master.m3u8?deviceType=web&deviceMake=Chrome&deviceModel=Chrome&sid=d4e39858-3408-4e56-aaa4-b88b44412557&deviceId=fe5e8fab-2fda-4c6e-b1a5-43fc8823fca1&deviceVersion=69.0.3497.100&appVersion=2.1.4&deviceDNT=0&userId=&advertisingId=&deviceLat=37.6783&deviceLon=-120.9501&app_name=&appName=&appStoreUrl=&serverSideAds=true</sublink>
        </link>
        <thumbnail>https://static.pluto.tv/channels/5b6b285823ecb93393cbf766/logo.png</thumbnail>
    </item>

    <item>
        <title>Cine</title>
        <link>
            <sublink name="Stream 1 ">https://stitcher.pluto.tv/stitch/hls/channel/5c2d64655f3202714e8dad6e/master.m3u8?deviceType=&deviceMake=&deviceVersion=&deviceId=&appVersion=&deviceDNT=0&deviceModel=&embedPartner=pluto.tv&sid=l8orq3a8c0i8mnij1r1q96i7p0</sublink>
        </link>
        <thumbnail>https://static.pluto.tv/channels/5c2d64655f3202714e8dad6e/logo.png</thumbnail>
    </item>

    <item>
        <title>Classic Movies</title>
        <link>
            <sublink name="Stream 1 ">https://stitcher.pluto.tv/stitch/hls/channel/561c5b0dada51f8004c4d855/master.m3u8?deviceType=web&deviceMake=Chrome&deviceModel=Chrome&sid=6e360db0-724b-11e8-be77-bf4d1417b012&deviceId=889540f0-712d-11e8-b9ec-8ba319deeadf&deviceVersion=37.0.2049.0&appVersion=2.0.0&deviceDNT=0&userId=&advertisingId=&deviceLat=38.5783&deviceLon=-90.6666&app_name=&appName=&appStoreUrl=&serverSideAds=true</sublink>
            <sublink name="Stream 2 ">https://stitcher.pluto.tv/stitch/hls/channel/561c5b0dada51f8004c4d855/master.m3u8?deviceType=web&deviceMake=Chrome&deviceModel=Chrome&sid=d4e39858-3408-4e56-aaa4-b88b44412557&deviceId=fe5e8fab-2fda-4c6e-b1a5-43fc8823fca1&deviceVersion=69.0.3497.100&appVersion=2.1.4&deviceDNT=0&userId=&advertisingId=&deviceLat=37.6783&deviceLon=-120.9501&app_name=&appName=&appStoreUrl=&serverSideAds=true</sublink>
        </link>
        <thumbnail>https://static.pluto.tv/channels/561c5b0dada51f8004c4d855/logo.png</thumbnail>
    </item>

    <item>
        <title>Classic Toons</title>
        <link>
            <sublink name="Stream 1 ">https://stitcher.pluto.tv/stitch/hls/channel/562ea53fa9060c5a7d463e74/master.m3u8?deviceType=%2C%2C&deviceMake=&deviceModel=&sid=5b8dde6c-ee63-40c0-8a6c-81595c7a920c&deviceId=29556502-e2a5-45de-8deb-3b3dfa36b936_e62c9abb601b4ed5&deviceVersion=7.1.1_25&appVersion=3.5.1&deviceDNT=0&userId=&advertisingId=6e7a218c-1bf7-46bf-b486-0902a3cd5a1c&deviceLat=&deviceLon=-&app_name=&appName=&appStoreUrl=&profileLimit=high</sublink>
            <sublink name="Stream 2 ">https://stitcher.pluto.tv/stitch/hls/channel/562ea53fa9060c5a7d463e74/master.m3u8?deviceType=web&deviceMake=Chrome&deviceModel=Chrome&sid=d4e39858-3408-4e56-aaa4-b88b44412557&deviceId=fe5e8fab-2fda-4c6e-b1a5-43fc8823fca1&deviceVersion=69.0.3497.100&appVersion=2.1.4&deviceDNT=0&userId=&advertisingId=&deviceLat=37.6783&deviceLon=-120.9501&app_name=&appName=&appStoreUrl=&serverSideAds=true</sublink>
        </link>
        <thumbnail>https://static.pluto.tv/channels/562ea53fa9060c5a7d463e74/logo.png</thumbnail>
    </item>

    <item>
        <title>Classic TV</title>
        <link>
            <sublink name="Stream 1 ">https://stitcher.pluto.tv/stitch/hls/channel/55383613c0b860c11a631e36/master.m3u8?deviceType=&deviceMake=&deviceModel=&sid=2&deviceId=&deviceVersion=&appVersion=&deviceDNT=&userId=&advertisingId=&deviceLat=&deviceLon=-&app_name=&appName=&appStoreUrl=&profileLimit=high</sublink>
            <sublink name="Stream 2 ">https://stitcher.pluto.tv/stitch/hls/channel/55383613c0b860c11a631e36/master.m3u8?deviceType=web&deviceMake=Chrome&deviceModel=Chrome&sid=d4e39858-3408-4e56-aaa4-b88b44412557&deviceId=fe5e8fab-2fda-4c6e-b1a5-43fc8823fca1&deviceVersion=69.0.3497.100&appVersion=2.1.4&deviceDNT=0&userId=&advertisingId=&deviceLat=37.6783&deviceLon=-120.9501&app_name=&appName=&appStoreUrl=&serverSideAds=true</sublink>
        </link>
        <thumbnail>https://static.pluto.tv/channels/55383613c0b860c11a631e36/logo.png</thumbnail>
    </item>

    <item>
        <title>CMT Westerns</title>
        <link>
            <sublink name="Stream 1 ">https://stitcher.pluto.tv/stitch/hls/channel/5b4e94282d4ec87bdcbb87cd/master.m3u8?deviceType=&deviceMake=&deviceVersion=&deviceId=&appVersion=&deviceDNT=0&deviceModel=&embedPartner=pluto.tv&sid=ncuqage0urlhccbp8kbecjc830</sublink>
            <sublink name="Stream 2 ">https://stitcher.pluto.tv/stitch/hls/channel/5b4e94282d4ec87bdcbb87cd/master.m3u8?deviceType=&deviceMake=&deviceVersion=&deviceId=&appVersion=&deviceDNT=0&deviceModel=&embedPartner=pluto.tv&sid=pb3stkgum0jt2soq367mu97333</sublink>
        </link>
        <thumbnail>https://static.pluto.tv/channels/5b4e94282d4ec87bdcbb87cd/logo.png</thumbnail>
    </item>

    <item>
        <title>CNBC</title>
        <link>
            <sublink name="Stream 1 ">https://stitcher.pluto.tv/stitch/hls/channel/57ebfd64f70792b24b5bd9a6/master.m3u8?deviceType=&deviceMake=&deviceModel=&sid=2&deviceId=&deviceVersion=&appVersion=&deviceDNT=&userId=&advertisingId=&deviceLat=&deviceLon=-&app_name=&appName=&appStoreUrl=&profileLimit=high</sublink>
            <sublink name="Stream 2 ">https://stitcher.pluto.tv/stitch/hls/channel/57ebfd64f70792b24b5bd9a6/master.m3u8?deviceType=web&deviceMake=Chrome&deviceModel=Chrome&sid=f58b3c32-87c9-4a36-b295-27a80a668599&deviceId=fe5e8fab-2fda-4c6e-b1a5-43fc8823fca1&deviceVersion=69.0.3497.100&appVersion=2.1.4&deviceDNT=0&userId=&advertisingId=&deviceLat=37.6783&deviceLon=-120.9501&app_name=&appName=&appStoreUrl=&serverSideAds=true</sublink>
        </link>
        <thumbnail>https://static.pluto.tv/channels/57ebfd64f70792b24b5bd9a6/logo.png</thumbnail>
    </item>

    <item>
        <title>CNET</title>
        <link>
            <sublink name="Stream 1 ">https://stitcher.pluto.tv/stitch/hls/channel/56283c8769ba54637dea0464/master.m3u8?deviceType=&deviceMake=&deviceModel=&sid=b4c19bad-f2ee-41c2-8e28-fbd87d36e3a3&deviceId=&deviceVersion=&appVersion=&deviceDNT=&userId=&advertisingId=&deviceLat=&deviceLon=-&app_name=&appName=&appStoreUrl=&profileLimit=high</sublink>
        </link>
        <thumbnail>https://static.pluto.tv/channels/56283c8769ba54637dea0464/logo.png</thumbnail>
    </item>

    <item>
        <title>Cold Case Files</title>
        <link>
            <sublink name="Stream 1 ">https://stitcher.pluto.tv/stitch/hls/channel/5c37d6712de254456f7ec340/master.m3u8?deviceType=&deviceMake=&deviceVersion=&deviceId=&appVersion=&deviceDNT=0&deviceModel=&embedPartner=pluto.tv&sid=kaasl9n3jh3esnglai5na3geu7</sublink>
        </link>
        <thumbnail>https://static.pluto.tv/channels/5c37d6712de254456f7ec340/logo.png</thumbnail>
    </item>

    <item>
        <title>Combate World</title>
        <link>
            <sublink name="Stream 1 ">https://stitcher.pluto.tv/stitch/hls/channel/5bb1ac3e268cae539bcedb07/master.m3u8?deviceType=&deviceMake=&deviceModel=&sid=b4c19bad-f2ee-41c2-8e28-fbd87d36e3a3&deviceId=&deviceVersion=&appVersion=&deviceDNT=&userId=&advertisingId=&deviceLat=&deviceLon=-&app_name=&appName=&appStoreUrl=&profileLimit=high</sublink>
        </link>
        <thumbnail>https://static.pluto.tv/channels/5bb1ac3e268cae539bcedb07/logo.png</thumbnail>
    </item>

    <item>
        <title>Comedy</title>
        <link>
            <sublink name="Stream 1 ">https://stitcher.pluto.tv/stitch/hls/channel/5a4d3a00ad95e4718ae8d8db/master.m3u8?deviceType=&deviceMake=&deviceVersion=&deviceId=&appVersion=&deviceDNT=0&deviceModel=&embedPartner=pluto.tv&sid=qb3stkgum0jt2soq367mu97333</sublink>
        </link>
        <thumbnail>https://static.pluto.tv/channels/5a4d3a00ad95e4718ae8d8db/logo.png</thumbnail>
    </item>

    <item>
        <title>Comedy (UK)</title>
        <link>
            <sublink name="Stream 1 ">https://stitcher.pluto.tv/stitch/hls/channel/5c363c2411c5ca053f198f97/master.m3u8?deviceType=&deviceMake=&deviceVersion=&deviceId=&appVersion=&deviceDNT=0&deviceModel=&embedPartner=pluto.tv&sid=d45b9ea1nuf9ijm985tiag4ge6</sublink>
        </link>
        <thumbnail>https://static.pluto.tv/channels/5c363c2411c5ca053f198f97/logo.png</thumbnail>
    </item>

    <item>
        <title>Comedy Central</title>
        <link>
            <sublink name="Stream 1 ">https://stitcher.pluto.tv/stitch/hls/channel/5ca671f215a62078d2ec0abf/master.m3u8?deviceType=&deviceMake=&deviceVersion=&deviceId=&appVersion=&deviceDNT=0&deviceModel=&embedPartner=pluto.tv&sid=ecuqage0urlhccbp8kbecjc830</sublink>
        </link>
        <thumbnail>https://static.pluto.tv/channels/5ca671f215a62078d2ec0abf/logo.png</thumbnail>
    </item>

    <item>
        <title>Comedy Central Stand Up</title>
        <link>
            <sublink name="Stream 1 ">https://stitcher.pluto.tv/stitch/hls/channel/5ca675d6593a5d78f0e85c2e/master.m3u8?deviceType=&deviceMake=&deviceVersion=&deviceId=&appVersion=&deviceDNT=0&deviceModel=&embedPartner=pluto.tv&sid=kcuqage0urlhccbp8kbecjc830</sublink>
        </link>
        <thumbnail>https://static.pluto.tv/channels/5ca675d6593a5d78f0e85c2e/logo.png</thumbnail>
    </item>

    <item>
        <title>Complex Networks</title>
        <link>
            <sublink name="Stream 1 ">https://stitcher.pluto.tv/stitch/hls/channel/5bb1b439ea5c9e53afd21325/master.m3u8?deviceType=&deviceMake=&deviceVersion=&deviceId=&appVersion=&deviceDNT=0&deviceModel=&embedPartner=pluto.tv&sid=a986f9svfip7e01cg9g78c92l4</sublink>
        </link>
        <thumbnail>https://static.pluto.tv/channels/5bb1b439ea5c9e53afd21325/logo.png</thumbnail>
    </item>

    <item>
        <title>Conspiracy</title>
        <link>
            <sublink name="Stream 1 ">https://stitcher.pluto.tv/stitch/hls/channel/5adf96e3e738977e2c31cb04/master.m3u8?deviceType=&deviceMake=&deviceVersion=&deviceId=&appVersion=&deviceDNT=0&deviceModel=&embedPartner=pluto.tv&sid=m24jbjrh2o33lln3jns6j2tmn0</sublink>
        </link>
        <thumbnail>https://static.pluto.tv/channels/5adf96e3e738977e2c31cb04/logo.png</thumbnail>
    </item>

    <item>
        <title>ConTV</title>
        <link>
            <sublink name="Stream 1 ">https://stitcher.pluto.tv/stitch/hls/channel/5bb1bb65268cae539bcedb0c/master.m3u8?deviceType=&deviceMake=&deviceModel=&sid=b4c19bad-f2ee-41c2-8e28-fbd87d36e3a3&deviceId=&deviceVersion=&appVersion=&deviceDNT=&userId=&advertisingId=&deviceLat=&deviceLon=-&app_name=&appName=&appStoreUrl=&profileLimit=high</sublink>
        </link>
        <thumbnail>https://static.pluto.tv/channels/5bb1bb65268cae539bcedb0c/logo.png</thumbnail>
    </item>

    <item>
        <title>Cracked</title>
        <link>
            <sublink name="Stream 1 ">https://stitcher.pluto.tv/stitch/hls/channel/561c5d74ada51f8004c4d85d/master.m3u8?deviceType=&deviceMake=&deviceModel=&sid=b4c19bad-f2ee-41c2-8e28-fbd87d36e3a3&deviceId=&deviceVersion=&appVersion=&deviceDNT=&userId=&advertisingId=&deviceLat=&deviceLon=-&app_name=&appName=&appStoreUrl=&profileLimit=high</sublink>
        </link>
        <thumbnail>https://static.pluto.tv/channels/561c5d74ada51f8004c4d85d/logo.png</thumbnail>
    </item>

    <item>
        <title>Crime Network</title>
        <link>
            <sublink name="Stream 1 ">https://stitcher.pluto.tv/stitch/hls/channel/5812be1c249444e05d09cc50/master.m3u8?deviceType=&deviceMake=&deviceModel=&sid=2&deviceId=&deviceVersion=&appVersion=&deviceDNT=&userId=&advertisingId=&deviceLat=&deviceLon=-&app_name=&appName=&appStoreUrl=&profileLimit=high</sublink>
            <sublink name="Stream 2 ">https://stitcher.pluto.tv/stitch/hls/channel/5812be1c249444e05d09cc50/master.m3u8?deviceType=web&deviceMake=Chrome&deviceModel=Chrome&sid=d4e39858-3408-4e56-aaa4-b88b44412557&deviceId=fe5e8fab-2fda-4c6e-b1a5-43fc8823fca1&deviceVersion=69.0.3497.100&appVersion=2.1.4&deviceDNT=0&userId=&advertisingId=&deviceLat=37.6783&deviceLon=-120.9501&app_name=&appName=&appStoreUrl=&serverSideAds=true</sublink>
        </link>
        <thumbnail>https://static.pluto.tv/channels/5812be1c249444e05d09cc50/logo.png</thumbnail>
    </item>

    <item>
        <title>Cult Films</title>
        <link>
            <sublink name="Stream 1 ">https://stitcher.pluto.tv/stitch/hls/channel/5c665db3e6c01b72c4977bc2/master.m3u8?deviceType=&deviceMake=&deviceVersion=&deviceId=&appVersion=&deviceDNT=0&deviceModel=&embedPartner=pluto.tv&sid=aas1tmuhiduj44cbhncosi4hb7</sublink>
        </link>
        <thumbnail>https://static.pluto.tv/channels/5c665db3e6c01b72c4977bc2/logo.png</thumbnail>
    </item>

    <item>
        <title>Documentaries</title>
        <link>
            <sublink name="Stream 1 ">https://stitcher.pluto.tv/stitch/hls/channel/5b85a7582921777994caea63/master.m3u8?deviceType=&deviceMake=&deviceModel=&sid=b4c19bad-f2ee-41c2-8e28-fbd87d36e3a3&deviceId=&deviceVersion=&appVersion=&deviceDNT=&userId=&advertisingId=&deviceLat=&deviceLon=-&app_name=&appName=&appStoreUrl=&profileLimit=high</sublink>
        </link>
        <thumbnail>https://static.pluto.tv/channels/5b85a7582921777994caea63/logo.png</thumbnail>
    </item>

    <item>
        <title>DocuTV</title>
        <link>
            <sublink name="Stream 1 ">https://stitcher.pluto.tv/stitch/hls/channel/5695441df3ed8937070b1ac6/master.m3u8?deviceType=&deviceMake=&deviceModel=&sid=2&deviceId=&deviceVersion=&appVersion=&deviceDNT=&userId=&advertisingId=&deviceLat=&deviceLon=-&app_name=&appName=&appStoreUrl=&profileLimit=high</sublink>
        </link>
        <thumbnail>https://static.pluto.tv/channels/5695441df3ed8937070b1ac6/logo.png</thumbnail>
    </item>

    <item>
        <title>Dog the Bounty Hunter</title>
        <link>
            <sublink name="Stream 1 ">https://stitcher.pluto.tv/stitch/hls/channel/5bee1a7359ee03633e780238/master.m3u8?deviceType=&deviceMake=&deviceVersion=&deviceId=&appVersion=&deviceDNT=0&deviceModel=&embedPartner=pluto.tv&sid=x24jbjrh2o33lln3jns6j2tmn0</sublink>
        </link>
        <thumbnail>https://static.pluto.tv/channels/5bee1a7359ee03633e780238/logo.png</thumbnail>
    </item>

    <item>
        <title>Drama</title>
        <link>
            <sublink name="Stream 1 ">https://stitcher.pluto.tv/stitch/hls/channel/5b4e92e4694c027be6ecece1/master.m3u8?deviceType=&deviceMake=&deviceModel=&sid=b4c19bad-f2ee-41c2-8e28-fbd87d36e3a3&deviceId=&deviceVersion=&appVersion=&deviceDNT=&userId=&advertisingId=&deviceLat=&deviceLon=-&app_name=&appName=&appStoreUrl=&profileLimit=high</sublink>
        </link>
        <thumbnail>https://static.pluto.tv/channels/5b4e92e4694c027be6ecece1/logo.png</thumbnail>
    </item>

    <item>
        <title>Drama (UK)</title>
        <link>
            <sublink name="Stream 1 ">https://stitcher.pluto.tv/stitch/hls/channel/5c5c2dd9e59bf23c192c411e/master.m3u8?deviceType=&deviceMake=&deviceVersion=&deviceId=&appVersion=&deviceDNT=0&deviceModel=&embedPartner=pluto.tv&sid=c63a4iic6a2islfekugkgdsul4</sublink>
        </link>
        <thumbnail>https://static.pluto.tv/channels/5c5c2dd9e59bf23c192c411e/logo.png</thumbnail>
    </item>

    <item>
        <title>DramaFever</title>
        <link>
            <sublink name="Stream 1 ">https://stitcher.pluto.tv/stitch/hls/channel/5a667765a5c02e717a25dc0f/master.m3u8?deviceType=&deviceMake=&deviceModel=&sid=6&deviceId=&deviceVersion=&appVersion=&deviceDNT=0&userId=&advertisingId=&deviceLat=&deviceLon=-&app_name=&appName=&appStoreUrl=&profileLimit=high</sublink>
            <sublink name="Stream 2 ">https://stitcher.pluto.tv/stitch/hls/channel/5a667765a5c02e717a25dc0f/master.m3u8?deviceType=web&deviceMake=Chrome&deviceModel=Chrome&sid=d4e39858-3408-4e56-aaa4-b88b44412557&deviceId=fe5e8fab-2fda-4c6e-b1a5-43fc8823fca1&deviceVersion=69.0.3497.100&appVersion=2.1.4&deviceDNT=0&userId=&advertisingId=&deviceLat=37.6783&deviceLon=-120.9501&app_name=&appName=&appStoreUrl=&serverSideAds=true</sublink>
        </link>
        <thumbnail>https://static.pluto.tv/channels/5a667765a5c02e717a25dc0f/logo.png</thumbnail>
    </item>

    <item>
        <title>Eye Candy</title>
        <link>
            <sublink name="Stream 1 ">https://stitcher.pluto.tv/stitch/hls/channel/53b1c003eded29524e1deb97/master.m3u8?deviceType=&deviceMake=&deviceModel=&sid=b4c19bad-f2ee-41c2-8e28-fbd87d36e3a3&deviceId=&deviceVersion=&appVersion=&deviceDNT=&userId=&advertisingId=&deviceLat=&deviceLon=-&app_name=&appName=&appStoreUrl=&profileLimit=high</sublink>
        </link>
        <thumbnail>https://static.pluto.tv/channels/53b1c003eded29524e1deb97/logo.png</thumbnail>
    </item>

    <item>
        <title>FailArmy</title>
        <link>
            <sublink name="Stream 1 ">https://stitcher.pluto.tv/stitch/hls/channel/554158e864526b29254ff105/master.m3u8?deviceType=&deviceMake=&deviceModel=&sid=b4c19bad-f2ee-41c2-8e28-fbd87d36e3a3&deviceId=&deviceVersion=&appVersion=&deviceDNT=&userId=&advertisingId=&deviceLat=&deviceLon=-&app_name=&appName=&appStoreUrl=&profileLimit=high</sublink>
            <sublink name="Stream 2 ">https://stitcher.pluto.tv/stitch/hls/channel/554158e864526b29254ff105/master.m3u8?deviceType=web&deviceMake=Chrome&deviceModel=Chrome&sid=d4e39858-3408-4e56-aaa4-b88b44412557&deviceId=fe5e8fab-2fda-4c6e-b1a5-43fc8823fca1&deviceVersion=69.0.3497.100&appVersion=2.1.4&deviceDNT=0&userId=&advertisingId=&deviceLat=37.6783&deviceLon=-120.9501&app_name=&appName=&appStoreUrl=&serverSideAds=true</sublink>
        </link>
        <thumbnail>https://static.pluto.tv/channels/554158e864526b29254ff105/logo.png</thumbnail>
    </item>

    <item>
        <title>Faith TV</title>
        <link>
            <sublink name="Stream 1 ">https://stitcher.pluto.tv/stitch/hls/channel/5c58a539fae3812612f33ca3/master.m3u8?deviceType=&deviceMake=&deviceVersion=&deviceId=&appVersion=&deviceDNT=0&deviceModel=&embedPartner=pluto.tv&sid=c37cef12f9heq1mq8ah9ia4h70</sublink>
        </link>
        <thumbnail>https://static.pluto.tv/channels/5c58a539fae3812612f33ca3/logo.png</thumbnail>
    </item>

    <item>
        <title>Family</title>
        <link>
            <sublink name="Stream 1 ">https://stitcher.pluto.tv/stitch/hls/channel/5b64a245a202b3337f09e51d/master.m3u8?deviceType=&deviceMake=&deviceModel=&sid=b4c19bad-f2ee-41c2-8e28-fbd87d36e3a3&deviceId=&deviceVersion=&appVersion=&deviceDNT=&userId=&advertisingId=&deviceLat=&deviceLon=-&app_name=&appName=&appStoreUrl=&profileLimit=high</sublink>
        </link>
        <thumbnail>https://static.pluto.tv/channels/5b64a245a202b3337f09e51d/logo.png</thumbnail>
    </item>

    <item>
        <title>Fear Factor</title>
        <link>
            <sublink name="Stream 1 ">https://stitcher.pluto.tv/stitch/hls/channel/5c362ded581a86051df509b4/master.m3u8?deviceType=&deviceMake=&deviceVersion=&deviceId=&appVersion=&deviceDNT=0&deviceModel=&embedPartner=pluto.tv&sid=f45b9ea1nuf9ijm985tiag4ge6</sublink>
        </link>
        <thumbnail>https://static.pluto.tv/channels/5c362ded581a86051df509b4/logo.png</thumbnail>
    </item>

    <item>
        <title>Fight</title>
        <link>
            <sublink name="Stream 1 ">https://stitcher.pluto.tv/stitch/hls/channel/5812b0f2237a6ff45d16c3f9/master.m3u8?deviceType=&deviceMake=&deviceModel=&sid=2&deviceId=&deviceVersion=&appVersion=&deviceDNT=&userId=&advertisingId=&deviceLat=&deviceLon=-&app_name=&appName=&appStoreUrl=&profileLimit=high</sublink>
            <sublink name="Stream 2 ">https://stitcher.pluto.tv/stitch/hls/channel/5812b0f2237a6ff45d16c3f9/master.m3u8?deviceType=web&deviceMake=Chrome&deviceModel=Chrome&sid=d4e39858-3408-4e56-aaa4-b88b44412557&deviceId=fe5e8fab-2fda-4c6e-b1a5-43fc8823fca1&deviceVersion=69.0.3497.100&appVersion=2.1.4&deviceDNT=0&userId=&advertisingId=&deviceLat=37.6783&deviceLon=-120.9501&app_name=&appName=&appStoreUrl=&serverSideAds=true</sublink>
        </link>
        <thumbnail>https://static.pluto.tv/channels/5812b0f2237a6ff45d16c3f9/logo.png</thumbnail>
    </item>

    <item>
        <title>Flicks of Fury</title>
        <link>
            <sublink name="Stream 1 ">https://stitcher.pluto.tv/stitch/hls/channel/58e55b14ad8e9c364d55f717/master.m3u8?deviceType=web&deviceMake=Chrome&deviceModel=Chrome&sid=2da9e920-7245-11e8-9b3e-a1006a2fd228&deviceId=889540f0-712d-11e8-b9ec-8ba319deeadf&deviceVersion=37.0.2049.0&appVersion=2.0.0&deviceDNT=0&userId=&advertisingId=&deviceLat=38.5783&deviceLon=-90.6666&app_name=&appName=&appStoreUrl=&serverSideAds=true</sublink>
            <sublink name="Stream 2 ">https://stitcher.pluto.tv/stitch/hls/channel/58e55b14ad8e9c364d55f717/master.m3u8?deviceType=web&deviceMake=Chrome&deviceModel=Chrome&sid=d4e39858-3408-4e56-aaa4-b88b44412557&deviceId=fe5e8fab-2fda-4c6e-b1a5-43fc8823fca1&deviceVersion=69.0.3497.100&appVersion=2.1.4&deviceDNT=0&userId=&advertisingId=&deviceLat=37.6783&deviceLon=-120.9501&app_name=&appName=&appStoreUrl=&serverSideAds=true</sublink>
        </link>
        <thumbnail>https://static.pluto.tv/channels/58e55b14ad8e9c364d55f717/logo.png</thumbnail>
    </item>

    <item>
        <title>Food TV</title>
        <link>
            <sublink name="Stream 1 ">https://stitcher.pluto.tv/stitch/hls/channel/5877ac8cb791f4eb4a140d81/master.m3u8?deviceType=&deviceMake=&deviceModel=&sid=2&deviceId=&deviceVersion=&appVersion=&deviceDNT=&userId=&advertisingId=&deviceLat=&deviceLon=-&app_name=&appName=&appStoreUrl=&profileLimit=high</sublink>
            <sublink name="Stream 2 ">https://stitcher.pluto.tv/stitch/hls/channel/5877ac8cb791f4eb4a140d81/master.m3u8?deviceType=web&deviceMake=Chrome&deviceModel=Chrome&sid=f58b3c32-87c9-4a36-b295-27a80a668599&deviceId=fe5e8fab-2fda-4c6e-b1a5-43fc8823fca1&deviceVersion=69.0.3497.100&appVersion=2.1.4&deviceDNT=0&userId=&advertisingId=&deviceLat=37.6783&deviceLon=-120.9501&app_name=&appName=&appStoreUrl=&serverSideAds=true</sublink>
        </link>
        <thumbnail>https://static.pluto.tv/channels/5877ac8cb791f4eb4a140d81/logo.png</thumbnail>
    </item>

    <item>
        <title>Forensic Files</title>
        <link>
            <sublink name="Stream 1 ">https://stitcher.pluto.tv/stitch/hls/channel/5bb1af6a268cae539bcedb0a/master.m3u8?sid=web24157571521&deviceType=web&deviceMake=web&deviceVersion=1&deviceId=web24163643069&appVersion=5.2.7&deviceDNT=web&deviceModel=web</sublink>
        </link>
        <thumbnail>https://static.pluto.tv/channels/5bb1af6a268cae539bcedb0a/logo.png</thumbnail>
    </item>

    <item>
        <title>Fox Sports</title>
        <link>
            <sublink name="Stream 1 ">https://stitcher.pluto.tv/stitch/hls/channel/5a74b8e1e22a61737979c6bf/master.m3u8?deviceType=&deviceMake=&deviceModel=&sid=2&deviceId=&deviceVersion=&appVersion=&deviceDNT=&userId=&advertisingId=&deviceLat=&deviceLon=-&app_name=&appName=&appStoreUrl=&profileLimit=high</sublink>
            <sublink name="Stream 2 ">https://stitcher.pluto.tv/stitch/hls/channel/5a74b8e1e22a61737979c6bf/master.m3u8?deviceType=web&deviceMake=Chrome&deviceModel=Chrome&sid=d4e39858-3408-4e56-aaa4-b88b44412557&deviceId=fe5e8fab-2fda-4c6e-b1a5-43fc8823fca1&deviceVersion=69.0.3497.100&appVersion=2.1.4&deviceDNT=0&userId=&advertisingId=&deviceLat=37.6783&deviceLon=-120.9501&app_name=&appName=&appStoreUrl=&serverSideAds=true</sublink>
        </link>
        <thumbnail>https://static.pluto.tv/channels/5a74b8e1e22a61737979c6bf/logo.png</thumbnail>
    </item>

    <item>
        <title>FrontDoor</title>
        <link>
            <sublink name="Stream 1 ">https://stitcher.pluto.tv/stitch/hls/channel/5938888cd045ffce74cf9048/master.m3u8?deviceType=web&deviceMake=Chrome&deviceModel=Chrome&sid=88958f10-712d-11e8-b9ec-8ba319deeadf&deviceId=889540f0-712d-11e8-b9ec-8ba319deeadf&deviceVersion=37.0.2049.0&appVersion=2.0.0&deviceDNT=0&userId=&advertisingId=&deviceLat=38.5783&deviceLon=-90.6666&app_name=&appName=&appStoreUrl=&serverSideAds=true</sublink>
            <sublink name="Stream 2 ">https://stitcher.pluto.tv/stitch/hls/channel/5938888cd045ffce74cf9048/master.m3u8?deviceType=web&deviceMake=Chrome&deviceModel=Chrome&sid=f58b3c32-87c9-4a36-b295-27a80a668599&deviceId=fe5e8fab-2fda-4c6e-b1a5-43fc8823fca1&deviceVersion=69.0.3497.100&appVersion=2.1.4&deviceDNT=0&userId=&advertisingId=&deviceLat=37.6783&deviceLon=-120.9501&app_name=&appName=&appStoreUrl=&serverSideAds=true</sublink>
        </link>
        <thumbnail>https://static.pluto.tv/channels/5938888cd045ffce74cf9048/logo.png</thumbnail>
    </item>

    <item>
        <title>Funny AF</title>
        <link>
            <sublink name="Stream 1 ">https://stitcher.pluto.tv/stitch/hls/channel/580e87ff497c73ba2f321dd3/master.m3u8?deviceType=&deviceMake=&deviceModel=&sid=4&deviceId=&deviceVersion=&appVersion=&deviceDNT=&userId=&advertisingId=&deviceLat=&deviceLon=-&app_name=&appName=&appStoreUrl=&profileLimit=high</sublink>
            <sublink name="Stream 2 ">https://stitcher.pluto.tv/stitch/hls/channel/580e87ff497c73ba2f321dd3/master.m3u8?deviceType=web&deviceMake=Chrome&deviceModel=Chrome&sid=d4e39858-3408-4e56-aaa4-b88b44412557&deviceId=fe5e8fab-2fda-4c6e-b1a5-43fc8823fca1&deviceVersion=69.0.3497.100&appVersion=2.1.4&deviceDNT=0&userId=&advertisingId=&deviceLat=37.6783&deviceLon=-120.9501&app_name=&appName=&appStoreUrl=&serverSideAds=true</sublink>
        </link>
        <thumbnail>https://static.pluto.tv/channels/580e87ff497c73ba2f321dd3/logo.png</thumbnail>
    </item>

    <item>
        <title>Geek & Sundry</title>
        <link>
            <sublink name="Stream 1 ">https://stitcher.pluto.tv/stitch/hls/channel/561c5be8ada51f8004c4d856/master.m3u8?deviceType=&deviceMake=&deviceModel=&sid=b4c19bad-f2ee-41c2-8e28-fbd87d36e3a3&deviceId=&deviceVersion=&appVersion=&deviceDNT=&userId=&advertisingId=&deviceLat=&deviceLon=-&app_name=&appName=&appStoreUrl=&profileLimit=high</sublink>
        </link>
        <thumbnail>https://static.pluto.tv/channels/561c5be8ada51f8004c4d856/logo.png</thumbnail>
    </item>

    <item>
        <title>Ghost Dimension</title>
        <link>
            <sublink name="Stream 1 ">https://stitcher.pluto.tv/stitch/hls/channel/5c45f5a9d40d58066869fa60/master.m3u8?deviceType=&deviceMake=&deviceVersion=&deviceId=&appVersion=&deviceDNT=0&deviceModel=&embedPartner=pluto.tv&sid=e45b9ea1nuf9ijm985tiag4ge6</sublink>
        </link>
        <thumbnail>https://static.pluto.tv/channels/5c45f5a9d40d58066869fa60/logo.png</thumbnail>
    </item>

    <item>
        <title>Glory Kickboxing (Opt-1)</title>
        <link>
            <sublink name="Stream 1 ">https://stitcher.pluto.tv/stitch/hls/channel/5417a212ff9fba68282fbf5e/master.m3u8?deviceType=&deviceMake=&deviceModel=&sid=2&deviceId=&deviceVersion=&appVersion=&deviceDNT=&userId=&advertisingId=&deviceLat=&deviceLon=-&app_name=&appName=&appStoreUrl=&profileLimit=high</sublink>
            <sublink name="Stream 2 ">https://stitcher.pluto.tv/stitch/hls/channel/5417a212ff9fba68282fbf5e/master.m3u8?deviceType=web&deviceMake=Chrome&deviceModel=Chrome&sid=d4e39858-3408-4e56-aaa4-b88b44412557&deviceId=fe5e8fab-2fda-4c6e-b1a5-43fc8823fca1&deviceVersion=69.0.3497.100&appVersion=2.1.4&deviceDNT=0&userId=&advertisingId=&deviceLat=37.6783&deviceLon=-120.9501&app_name=&appName=&appStoreUrl=&serverSideAds=true</sublink>
        </link>
        <thumbnail>https://static.pluto.tv/channels/5417a212ff9fba68282fbf5e/logo.png</thumbnail>
    </item>

    <item>
        <title>Glory Kickboxing (Opt-2)</title>
        <link>
            <sublink name="Stream 1 ">https://stitcher.pluto.tv/stitch/hls/channel/5417a212ff9fba68282fbf5e/master.m3u8?deviceType=&deviceMake=&deviceVersion=&deviceId=&appVersion=&deviceDNT=0&deviceModel=&embedPartner=pluto.tv&sid=aur393qqr6rgv34sdqt02gjgp6</sublink>
        </link>
        <thumbnail>https://static.pluto.tv/channels/5417a212ff9fba68282fbf5e/logo.png</thumbnail>
    </item>

    <item>
        <title>Glory Kickboxing (UK)</title>
        <link>
            <sublink name="Stream 1 ">https://stitcher.pluto.tv/stitch/hls/channel/5ad8d6f5e738977e2c310949/master.m3u8?deviceType=&deviceMake=&deviceVersion=&deviceId=&appVersion=&deviceDNT=0&deviceModel=&embedPartner=pluto.tv&sid=bur393qqr6rgv34sdqt02gjgp6</sublink>
        </link>
        <thumbnail>https://static.pluto.tv/channels/5ad8d6f5e738977e2c310949/logo.png</thumbnail>
    </item>

    <item>
        <title>Glory Kickboxing (Germany)</title>
        <link>
            <sublink name="Stream 1 ">https://stitcher.pluto.tv/stitch/hls/channel/5ad9be1be738977e2c312134/master.m3u8?deviceType=&deviceMake=&deviceVersion=&deviceId=&appVersion=&deviceDNT=0&deviceModel=&embedPartner=pluto.tv&sid=dur393qqr6rgv34sdqt02gjgp6</sublink>
        </link>
        <thumbnail>https://static.pluto.tv/channels/5ad9be1be738977e2c312134/logo.png</thumbnail>
    </item>

    <item>
        <title>Gravitas Movies</title>
        <link>
            <sublink name="Stream 1 ">https://stitcher.pluto.tv/stitch/hls/channel/59120e45877eeb3760b3d9da/master.m3u8?deviceType=&deviceMake=&deviceModel=&sid=2&deviceId=&deviceVersion=&appVersion=&deviceDNT=&userId=&advertisingId=&deviceLat=&deviceLon=-&app_name=&appName=&appStoreUrl=&profileLimit=high</sublink>
            <sublink name="Stream 2 ">https://stitcher.pluto.tv/stitch/hls/channel/59120e45877eeb3760b3d9da/master.m3u8?deviceType=web&deviceMake=Chrome&deviceModel=Chrome&sid=d4e39858-3408-4e56-aaa4-b88b44412557&deviceId=fe5e8fab-2fda-4c6e-b1a5-43fc8823fca1&deviceVersion=69.0.3497.100&appVersion=2.1.4&deviceDNT=0&userId=&advertisingId=&deviceLat=37.6783&deviceLon=-120.9501&app_name=&appName=&appStoreUrl=&serverSideAds=true</sublink>
        </link>
        <thumbnail>https://static.pluto.tv/channels/59120e45877eeb3760b3d9da/logo.png</thumbnail>
    </item>

    <item>
        <title>Hell's Kitchen</title>
        <link>
            <sublink name="Stream 1 ">https://stitcher.pluto.tv/stitch/hls/channel/5b4e99f4423e067bd6df6903/master.m3u8?deviceType=&deviceMake=&deviceModel=&sid=5&deviceId=&deviceVersion=&appVersion=&deviceDNT=&userId=&advertisingId=&deviceLat=&deviceLon=-&app_name=&appName=&appStoreUrl=&profileLimit=high</sublink>
            <sublink name="Stream 2 ">https://stitcher.pluto.tv/stitch/hls/channel/5b4e99f4423e067bd6df6903/master.m3u8?deviceType=web&deviceMake=Chrome&deviceModel=Chrome&sid=f58b3c32-87c9-4a36-b295-27a80a668599&deviceId=fe5e8fab-2fda-4c6e-b1a5-43fc8823fca1&deviceVersion=69.0.3497.100&appVersion=2.1.4&deviceDNT=0&userId=&advertisingId=&deviceLat=37.6783&deviceLon=-120.9501&app_name=&appName=&appStoreUrl=&serverSideAds=true</sublink>
        </link>
        <thumbnail>https://static.pluto.tv/channels/5b4e99f4423e067bd6df6903/logo.png</thumbnail>
    </item>

    <item>
        <title>Her</title>
        <link>
            <sublink name="Stream 1 ">https://stitcher.pluto.tv/stitch/hls/channel/5887ba337b8e94223eb121bd/master.m3u8?deviceType=&deviceMake=&deviceModel=&sid=2&deviceId=&deviceVersion=&appVersion=&deviceDNT=&userId=&advertisingId=&deviceLat=&deviceLon=-&app_name=&appName=&appStoreUrl=&profileLimit=high</sublink>
            <sublink name="Stream 2 ">https://stitcher.pluto.tv/stitch/hls/channel/5887ba337b8e94223eb121bd/master.m3u8?deviceType=web&deviceMake=Chrome&deviceModel=Chrome&sid=d4e39858-3408-4e56-aaa4-b88b44412557&deviceId=fe5e8fab-2fda-4c6e-b1a5-43fc8823fca1&deviceVersion=69.0.3497.100&appVersion=2.1.4&deviceDNT=0&userId=&advertisingId=&deviceLat=37.6783&deviceLon=-120.9501&app_name=&appName=&appStoreUrl=&serverSideAds=true</sublink>
        </link>
        <thumbnail>https://static.pluto.tv/channels/5887ba337b8e94223eb121bd/logo.png</thumbnail>
    </item>

    <item>
        <title>Her Dramas</title>
        <link>
            <sublink name="Stream 1 ">https://stitcher.pluto.tv/stitch/hls/channel/5c86b772e7f96a5a929736c0/master.m3u8?deviceType=&deviceMake=&deviceVersion=&deviceId=&appVersion=&deviceDNT=0&deviceModel=&embedPartner=pluto.tv&sid=apleiqkv48retieubjjds9qrm7</sublink>
        </link>
        <thumbnail>https://static.pluto.tv/channels/5c86b772e7f96a5a929736c0/logo.png</thumbnail>
    </item>

    <item>
        <title>History</title>
        <link>
            <sublink name="Stream 1 ">https://stitcher.pluto.tv/stitch/hls/channel/5a4d35dfa5c02e717a234f86/master.m3u8?deviceType=&deviceMake=&deviceVersion=&deviceId=&appVersion=&deviceDNT=0&deviceModel=&embedPartner=pluto.tv&sid=s1i2kmn8epo99i02q1oji559k6</sublink>
        </link>
        <thumbnail>https://static.pluto.tv/channels/5a4d35dfa5c02e717a234f86/logo.png</thumbnail>
    </item>

    <item>
        <title>Hive</title>
        <link>
            <sublink name="Stream 1 ">https://stitcher.pluto.tv/stitch/hls/channel/580814179dfdf1f4141f78f5/master.m3u8?deviceType=&deviceMake=&deviceModel=&sid=2&deviceId=&deviceVersion=&appVersion=&deviceDNT=&userId=&advertisingId=&deviceLat=&deviceLon=-&app_name=&appName=&appStoreUrl=&profileLimit=high</sublink>
        </link>
        <thumbnail>https://static.pluto.tv/channels/580814179dfdf1f4141f78f5/logo.png</thumbnail>
    </item>

    <item>
        <title>Hoarding: Buried Alive</title>
        <link>
            <sublink name="Stream 1 ">https://stitcher.pluto.tv/stitch/hls/channel/5ca2ac3688925d78c857465f/master.m3u8?deviceType=&deviceMake=&deviceVersion=&deviceId=&appVersion=&deviceDNT=0&deviceModel=&embedPartner=pluto.tv&sid=bpleiqkv48retieubjjds9qrm7</sublink>
        </link>
        <thumbnail>https://static.pluto.tv/channels/5ca2ac3688925d78c857465f/logo.png</thumbnail>
    </item>

    <item>
        <title>Horror 24/7</title>
        <link>
            <sublink name="Stream 1 ">https://stitcher.pluto.tv/stitch/hls/channel/569546031a619b8f07ce6e25/master.m3u8?deviceType=web&deviceMake=Chrome&deviceModel=Chrome&sid=6e360db0-724b-11e8-be77-bf4d1417b012&deviceId=889540f0-712d-11e8-b9ec-8ba319deeadf&deviceVersion=37.0.2049.0&appVersion=2.0.0&deviceDNT=0&userId=&advertisingId=&deviceLat=38.5783&deviceLon=-90.6666&app_name=&appName=&appStoreUrl=&serverSideAds=true</sublink>
            <sublink name="Stream 2 ">https://stitcher.pluto.tv/stitch/hls/channel/569546031a619b8f07ce6e25/master.m3u8?deviceType=web&deviceMake=Chrome&deviceModel=Chrome&sid=d4e39858-3408-4e56-aaa4-b88b44412557&deviceId=fe5e8fab-2fda-4c6e-b1a5-43fc8823fca1&deviceVersion=69.0.3497.100&appVersion=2.1.4&deviceDNT=0&userId=&advertisingId=&deviceLat=37.6783&deviceLon=-120.9501&app_name=&appName=&appStoreUrl=&serverSideAds=true</sublink>
        </link>
        <thumbnail>https://static.pluto.tv/channels/569546031a619b8f07ce6e25/logo.png</thumbnail>
    </item>

    <item>
        <title>Hunter</title>
        <link>
            <sublink name="Stream 1 ">https://stitcher.pluto.tv/stitch/hls/channel/5c99f5810c95814ff92512f9/master.m3u8?deviceType=&deviceMake=&deviceVersion=&deviceId=&appVersion=&deviceDNT=0&deviceModel=&embedPartner=pluto.tv&sid=b63a4iic6a2islfekugkgdsul4</sublink>
        </link>
        <thumbnail>https://static.pluto.tv/channels/5c99f5810c95814ff92512f9/logo.png</thumbnail>
    </item>

    <item>
        <title>IGN</title>
        <link>
            <sublink name="Stream 1 ">https://stitcher.pluto.tv/stitch/hls/channel/561c5f613286e48904fb2677/master.m3u8?deviceType=&deviceMake=&deviceModel=&sid=2&deviceId=&deviceVersion=&appVersion=&deviceDNT=&userId=&advertisingId=&deviceLat=&deviceLon=-&app_name=&appName=&appStoreUrl=&profileLimit=high</sublink>
        </link>
        <thumbnail>https://static.pluto.tv/channels/561c5f613286e48904fb2677/logo.png</thumbnail>
    </item>

    <item>
        <title>Impact Wrestling</title>
        <link>
            <sublink name="Stream 1 ">https://stitcher.pluto.tv/stitch/hls/channel/59b722526996084038c01e1b/master.m3u8?deviceType=&deviceMake=&deviceModel=&sid=7&deviceId=-&deviceVersion=&appVersion=&deviceDNT=&userId=&advertisingId=&deviceLat=&deviceLon=-&app_name=&appName=&appStoreUrl=&profileLimit=high</sublink>
            <sublink name="Stream 2 ">https://stitcher.pluto.tv/stitch/hls/channel/59b722526996084038c01e1b/master.m3u8?deviceType=web&deviceMake=Chrome&deviceModel=Chrome&sid=d4e39858-3408-4e56-aaa4-b88b44412557&deviceId=fe5e8fab-2fda-4c6e-b1a5-43fc8823fca1&deviceVersion=69.0.3497.100&appVersion=2.1.4&deviceDNT=0&userId=&advertisingId=&deviceLat=37.6783&deviceLon=-120.9501&app_name=&appName=&appStoreUrl=&serverSideAds=true</sublink>
        </link>
        <thumbnail>https://static.pluto.tv/channels/59b722526996084038c01e1b/logo.png</thumbnail>
    </item>

    <item>
        <title>Indies</title>
        <link>
            <sublink name="Stream 1 ">https://stitcher.pluto.tv/stitch/hls/channel/58ed63525e2c798008323a1c/master.m3u8?deviceType=&deviceMake=&deviceModel=&sid=b4c19bad-f2ee-41c2-8e28-fbd87d36e3a3&deviceId=&deviceVersion=&appVersion=&deviceDNT=&userId=&advertisingId=&deviceLat=&deviceLon=-&app_name=&appName=&appStoreUrl=&profileLimit=high</sublink>
        </link>
        <thumbnail>https://static.pluto.tv/channels/58ed63525e2c798008323a1c/logo.png</thumbnail>
    </item>

    <item>
        <title>Internet Gold</title>
        <link>
            <sublink name="Stream 1 ">https://stitcher.pluto.tv/stitch/hls/channel/56b27a7badb45b1f50b91b0b/master.m3u8?deviceType=&deviceMake=&deviceModel=&sid=b4c19bad-f2ee-41c2-8e28-fbd87d36e3a3&deviceId=&deviceVersion=&appVersion=&deviceDNT=&userId=&advertisingId=&deviceLat=&deviceLon=-&app_name=&appName=&appStoreUrl=&profileLimit=high</sublink>
            <sublink name="Stream 2 ">https://stitcher.pluto.tv/stitch/hls/channel/56b27a7badb45b1f50b91b0b/master.m3u8?deviceType=web&deviceMake=Chrome&deviceModel=Chrome&sid=d4e39858-3408-4e56-aaa4-b88b44412557&deviceId=fe5e8fab-2fda-4c6e-b1a5-43fc8823fca1&deviceVersion=69.0.3497.100&appVersion=2.1.4&deviceDNT=0&userId=&advertisingId=&deviceLat=37.6783&deviceLon=-120.9501&app_name=&appName=&appStoreUrl=&serverSideAds=true</sublink>
        </link>
        <thumbnail>https://static.pluto.tv/channels/56b27a7badb45b1f50b91b0b/logo.png</thumbnail>
    </item>

    <item>
        <title>Jash</title>
        <link>
            <sublink name="Stream 1 ">https://stitcher.pluto.tv/stitch/hls/channel/598c8e2f3d8719a202ec66cc/master.m3u8?deviceType=&deviceMake=&deviceModel=&sid=b4c19bad-f2ee-41c2-8e28-fbd87d36e3a3&deviceId=&deviceVersion=&appVersion=&deviceDNT=&userId=&advertisingId=&deviceLat=&deviceLon=-&app_name=&appName=&appStoreUrl=&profileLimit=high</sublink>
        </link>
        <thumbnail>https://static.pluto.tv/channels/598c8e2f3d8719a202ec66cc/logo.png</thumbnail>
    </item>

    <item>
        <title>Kids</title>
        <link>
            <sublink name="Stream 1 ">https://stitcher.pluto.tv/stitch/hls/channel/5ad8d54be738977e2c310940/master.m3u8?deviceType=&deviceMake=&deviceVersion=&deviceId=&appVersion=&deviceDNT=0&deviceModel=&embedPartner=pluto.tv&sid=j7go93gc2nj2bijagutmn2d3v6</sublink>
        </link>
        <thumbnail>https://static.pluto.tv/channels/5ad8d54be738977e2c310940/logo.png</thumbnail>
    </item>

    <item>
        <title>Kids Learning</title>
        <link>
            <sublink name="Stream 1 ">https://stitcher.pluto.tv/stitch/hls/channel/5c5c2e228002db3c3e0b1c6f/master.m3u8?deviceType=&deviceMake=&deviceVersion=&deviceId=&appVersion=&deviceDNT=0&deviceModel=&embedPartner=pluto.tv&sid=c45b9ea1nuf9ijm985tiag4ge6</sublink>
        </link>
        <thumbnail>https://static.pluto.tv/channels/5c5c2e228002db3c3e0b1c6f/logo.png</thumbnail>
    </item>

    <item>
        <title>Kids TV</title>
        <link>
            <sublink name="Stream 1 ">https://stitcher.pluto.tv/stitch/hls/channel/51c75f7bb6f26ba1cd00002f/master.m3u8?deviceType=%2C%2C&deviceMake=&deviceModel=&sid=c8b023af-ff3b-4fb6-87f0-4af929510c3d&deviceId=29556502-e2a5-45de-8deb-3b3dfa36b936_e62c9abb601b4ed5&deviceVersion=7.1.1_25&appVersion=3.5.1&deviceDNT=0&userId=&advertisingId=6e7a218c-1bf7-46bf-b486-0902a3cd5a1c&deviceLat=&deviceLon=-&app_name=&appName=&appStoreUrl=&profileLimit=high</sublink>
        </link>
        <thumbnail>https://static.pluto.tv/channels/51c75f7bb6f26ba1cd00002f/logo.png</thumbnail>
    </item>

    <item>
        <title>LA Ink + NY Ink</title>
        <link>
            <sublink name="Stream 1 ">https://stitcher.pluto.tv/stitch/hls/channel/5c2d6603bdf11b71587184b9/master.m3u8?deviceType=&deviceMake=&deviceVersion=&deviceId=&appVersion=&deviceDNT=0&deviceModel=&embedPartner=pluto.tv&sid=h1i2kmn8epo99i02q1oji559k6</sublink>
        </link>
        <thumbnail>https://static.pluto.tv/channels/5c2d6603bdf11b71587184b9/logo.png</thumbnail>
    </item>

    <item>
        <title>LittleThings</title>
        <link>
            <sublink name="Stream 1 ">https://stitcher.pluto.tv/stitch/hls/channel/5984cbeaa0fc957e6e9195ab/master.m3u8?deviceType=&deviceMake=&deviceModel=&sid=2&deviceId=&deviceVersion=&appVersion=&deviceDNT=&userId=&advertisingId=&deviceLat=&deviceLon=-&app_name=&appName=&appStoreUrl=&profileLimit=high</sublink>
        </link>
        <thumbnail>https://static.pluto.tv/channels/5984cbeaa0fc957e6e9195ab/logo.png</thumbnail>
    </item>

    <item>
        <title>Live Music Replay</title>
        <link>
            <sublink name="Stream 1 ">https://stitcher.pluto.tv/stitch/hls/channel/5873fc21cad696fb37aa9054/master.m3u8?sid=web24157571521&deviceType=web&deviceMake=web&deviceVersion=1&deviceId=web24163643069&appVersion=5.2.7&deviceDNT=web&deviceModel=web</sublink>
        </link>
        <thumbnail>https://static.pluto.tv/channels/5873fc21cad696fb37aa9054/logo.png</thumbnail>
    </item>

    <item>
        <title>Lucha Libre AAA</title>
        <link>
            <sublink name="Stream 1 ">https://stitcher.pluto.tv/stitch/hls/channel/5c01df1759ee03633e7b272c/master.m3u8?deviceType=&deviceMake=&deviceVersion=&deviceId=&appVersion=&deviceDNT=0&deviceModel=&embedPartner=pluto.tv&sid=z24jbjrh2o33lln3jns6j2tmn0</sublink>
        </link>
        <thumbnail>https://static.pluto.tv/channels/5c01df1759ee03633e7b272c/logo.png</thumbnail>
    </item>

    <item>
        <title>MinecrafTV</title>
        <link>
            <sublink name="Stream 1 ">https://stitcher.pluto.tv/stitch/hls/channel/5812b821249444e05d09cc4c/master.m3u8?deviceType=&deviceMake=&deviceModel=&sid=b4c19bad-f2ee-41c2-8e28-fbd87d36e3a3&deviceId=&deviceVersion=&appVersion=&deviceDNT=&userId=&advertisingId=&deviceLat=&deviceLon=-&app_name=&appName=&appStoreUrl=&profileLimit=high</sublink>
        </link>
        <thumbnail>https://static.pluto.tv/channels/5812b821249444e05d09cc4c/logo.png</thumbnail>
    </item>

    <item>
        <title>MonsterCat</title>
        <link>
            <sublink name="Stream 1 ">https://stitcher.pluto.tv/stitch/hls/channel/5812bbf3e58ad7c757009427/master.m3u8?deviceType=web&deviceMake=Chrome&deviceModel=Chrome&sid=d4e39858-3408-4e56-aaa4-b88b44412557&deviceId=fe5e8fab-2fda-4c6e-b1a5-43fc8823fca1&deviceVersion=69.0.3497.100&appVersion=2.1.4&deviceDNT=0&userId=&advertisingId=&deviceLat=37.6783&deviceLon=-120.9501&app_name=&appName=&appStoreUrl=&serverSideAds=true</sublink>
        </link>
        <thumbnail>https://static.pluto.tv/channels/5812bbf3e58ad7c757009427/logo.png</thumbnail>
    </item>

    <item>
        <title>Movies 1</title>
        <link>
            <sublink name="Stream 1 ">https://stitcher.pluto.tv/stitch/hls/channel/564b9ed65fbbbca07e8d09d2/master.m3u8?deviceType=web&deviceMake=Chrome&deviceModel=Chrome&sid=4eeea560-71a7-11e8-bcb5-a1b59b812cd7&deviceId=889540f0-712d-11e8-b9ec-8ba319deeadf&deviceVersion=37.0.2049.0&appVersion=2.0.0&deviceDNT=0&userId=&advertisingId=&deviceLat=38.5783&deviceLon=-90.6666&app_name=&appName=&appStoreUrl=&serverSideAds=true</sublink>
            <sublink name="Stream 2 ">https://stitcher.pluto.tv/stitch/hls/channel/564b9ed65fbbbca07e8d09d2/master.m3u8?deviceType=web&deviceMake=Chrome&deviceModel=Chrome&sid=d4e39858-3408-4e56-aaa4-b88b44412557&deviceId=fe5e8fab-2fda-4c6e-b1a5-43fc8823fca1&deviceVersion=69.0.3497.100&appVersion=2.1.4&deviceDNT=0&userId=&advertisingId=&deviceLat=37.6783&deviceLon=-120.9501&app_name=&appName=&appStoreUrl=&serverSideAds=true</sublink>
        </link>
        <thumbnail>https://static.pluto.tv/channels/564b9ed65fbbbca07e8d09d2/logo.png</thumbnail>
    </item>

    <item>
        <title>Movies 2</title>
        <link>
            <sublink name="Stream 1 ">https://stitcher.pluto.tv/stitch/hls/channel/59976841a09fd13c9b590ce8/master.m3u8?deviceType=&deviceMake=&deviceModel=&sid=2&deviceId=&deviceVersion=&appVersion=&deviceDNT=&userId=&advertisingId=&deviceLat=&deviceLon=-&app_name=&appName=&appStoreUrl=&profileLimit=high</sublink>
            <sublink name="Stream 2 ">https://stitcher.pluto.tv/stitch/hls/channel/59976841a09fd13c9b590ce8/master.m3u8?deviceType=web&deviceMake=Chrome&deviceModel=Chrome&sid=d4e39858-3408-4e56-aaa4-b88b44412557&deviceId=fe5e8fab-2fda-4c6e-b1a5-43fc8823fca1&deviceVersion=69.0.3497.100&appVersion=2.1.4&deviceDNT=0&userId=&advertisingId=&deviceLat=37.6783&deviceLon=-120.9501&app_name=&appName=&appStoreUrl=&serverSideAds=true</sublink>
        </link>
        <thumbnail>https://static.pluto.tv/channels/59976841a09fd13c9b590ce8/logo.png</thumbnail>
    </item>

    <item>
        <title>MTV</title>
        <link>
            <sublink name="Stream 1 ">https://stitcher.pluto.tv/stitch/hls/channel/5ca672f515a62078d2ec0ad2/master.m3u8?deviceType=&deviceMake=&deviceVersion=&deviceId=&appVersion=&deviceDNT=0&deviceModel=&embedPartner=pluto.tv&sid=dcuqage0urlhccbp8kbecjc830</sublink>
        </link>
        <thumbnail>https://static.pluto.tv/channels/5ca672f515a62078d2ec0ad2/logo.png</thumbnail>
    </item>

    <item>
        <title>MTV Dating</title>
        <link>
            <sublink name="Stream 1 ">https://stitcher.pluto.tv/stitch/hls/channel/5ca6899a37b88b269472ea4b/master.m3u8?deviceType=&deviceMake=&deviceVersion=&deviceId=&appVersion=&deviceDNT=0&deviceModel=&embedPartner=pluto.tv&sid=hcuqage0urlhccbp8kbecjc830</sublink>
        </link>
        <thumbnail>https://static.pluto.tv/channels/5ca6899a37b88b269472ea4b/logo.png</thumbnail>
    </item>

    <item>
        <title>MTV Guy Code</title>
        <link>
            <sublink name="Stream 1 ">https://stitcher.pluto.tv/stitch/hls/channel/5ca68acec16f7d78dc161fe1/master.m3u8?deviceType=&deviceMake=&deviceVersion=&deviceId=&appVersion=&deviceDNT=0&deviceModel=&embedPartner=pluto.tv&sid=fcuqage0urlhccbp8kbecjc830</sublink>
        </link>
        <thumbnail>https://static.pluto.tv/channels/5ca68acec16f7d78dc161fe1/logo.png</thumbnail>
    </item>

    <item>
        <title>MTV Teen</title>
        <link>
            <sublink name="Stream 1 ">https://stitcher.pluto.tv/stitch/hls/channel/5ca68a4737b88b269472f1be/master.m3u8?deviceType=&deviceMake=&deviceVersion=&deviceId=&appVersion=&deviceDNT=0&deviceModel=&embedPartner=pluto.tv&sid=jcuqage0urlhccbp8kbecjc830</sublink>
        </link>
        <thumbnail>https://static.pluto.tv/channels/5ca68a4737b88b269472f1be/logo.png</thumbnail>
    </item>

    <item>
        <title>MTV The Hills</title>
        <link>
            <sublink name="Stream 1 ">https://stitcher.pluto.tv/stitch/hls/channel/5ca68b45d0bd6c2689c96537/master.m3u8?deviceType=&deviceMake=&deviceVersion=&deviceId=&appVersion=&deviceDNT=0&deviceModel=&embedPartner=pluto.tv&sid=ocuqage0urlhccbp8kbecjc830</sublink>
        </link>
        <thumbnail>https://static.pluto.tv/channels/5ca68b45d0bd6c2689c96537/logo.png</thumbnail>
    </item>

    <item>
        <title>Mystery Science Theater 3000</title>
        <link>
            <sublink name="Stream 1 ">https://stitcher.pluto.tv/stitch/hls/channel/545943f1c9f133a519bbac92/master.m3u8?deviceType=&deviceMake=&deviceModel=&sid=4&deviceId=&deviceVersion=&appVersion=&deviceDNT=&userId=&advertisingId=&deviceLat=&deviceLon=-&app_name=&appName=&appStoreUrl=&profileLimit=high</sublink>
            <sublink name="Stream 2 ">https://stitcher.pluto.tv/stitch/hls/channel/545943f1c9f133a519bbac92/572723/playlist.m3u8?terminate=false&deviceId=1db4997e-08c5-42bc-a512-161ed2cc6910&deviceVersion=62.0&appVersion=2.1.4&deviceType=web&deviceMake=Firefox&sid=c6cd27c0-6727-48f3-8293-0b1c3d84a8b1&advertisingId=&deviceLat=37.6783&deviceLon=-120.9501&deviceDNT=0&deviceModel=Firefox&userId=&embedPartner=&appName=&serverSideAds=</sublink>
        </link>
        <thumbnail>https://static.pluto.tv/channels/545943f1c9f133a519bbac92/logo.png</thumbnail>
    </item>

    <item>
        <title>NBC News</title>
        <link>
            <sublink name="Stream 1 ">https://stitcher.pluto.tv/stitch/hls/channel/56403d822d2719107d948cb9/master.m3u8?deviceType=web&deviceMake=Chrome&deviceModel=Chrome&sid=f58b3c32-87c9-4a36-b295-27a80a668599&deviceId=fe5e8fab-2fda-4c6e-b1a5-43fc8823fca1&deviceVersion=69.0.3497.100&appVersion=2.1.4&deviceDNT=0&userId=&advertisingId=&deviceLat=37.6783&deviceLon=-120.9501&app_name=&appName=&appStoreUrl=&serverSideAds=true</sublink>
        </link>
        <thumbnail>https://static.pluto.tv/channels/56403d822d2719107d948cb9/logo.png</thumbnail>
    </item>

    <item>
        <title>Nerdist</title>
        <link>
            <sublink name="Stream 1 ">https://stitcher.pluto.tv/stitch/hls/channel/561c5c7f3286e48904fb2586/master.m3u8?deviceType=&deviceMake=&deviceModel=&sid=b4c19bad-f2ee-41c2-8e28-fbd87d36e3a3&deviceId=&deviceVersion=&appVersion=&deviceDNT=&userId=&advertisingId=&deviceLat=&deviceLon=-&app_name=&appName=&appStoreUrl=&profileLimit=high</sublink>
        </link>
        <thumbnail>https://static.pluto.tv/channels/561c5c7f3286e48904fb2586/logo.png</thumbnail>
    </item>

    <item>
        <title>News 24/7</title>
        <link>
            <sublink name="Stream 1 ">https://stitcher.pluto.tv/stitch/hls/channel/5268abcd0ce20a8472000114/master.m3u8?sid=web24157571521&deviceType=web&deviceMake=web&deviceVersion=1&deviceId=web24163643069&appVersion=5.2.7&deviceDNT=web&deviceModel=web</sublink>
        </link>
        <thumbnail>https://static.pluto.tv/channels/5268abcd0ce20a8472000114/logo.png</thumbnail>
    </item>

    <item>
        <title>Nick</title>
        <link>
            <sublink name="Stream 1 ">https://stitcher.pluto.tv/stitch/hls/channel/5ca673e0d0bd6c2689c94ce3/master.m3u8?deviceType=&deviceMake=&deviceVersion=&deviceId=&appVersion=&deviceDNT=0&deviceModel=&embedPartner=pluto.tv&sid=bcuqage0urlhccbp8kbecjc830</sublink>
        </link>
        <thumbnail>https://static.pluto.tv/channels/5ca673e0d0bd6c2689c94ce3/logo.png</thumbnail>
    </item>

    <item>
        <title>Nick Jr.</title>
        <link>
            <sublink name="Stream 1 ">https://stitcher.pluto.tv/stitch/hls/channel/5ca6748a37b88b269472dad9/master.m3u8?deviceType=&deviceMake=&deviceVersion=&deviceId=&appVersion=&deviceDNT=0&deviceModel=&embedPartner=pluto.tv&sid=ccuqage0urlhccbp8kbecjc830</sublink>
        </link>
        <thumbnail>https://static.pluto.tv/channels/5ca6748a37b88b269472dad9/logo.png</thumbnail>
    </item>

    <item>
        <title>Nosey</title>
        <link>
            <sublink name="Stream 1 ">https://stitcher.pluto.tv/stitch/hls/channel/5aec96ec5126c2157123c657/master.m3u8?deviceType=&deviceMake=&deviceModel=&sid=2&deviceId=&deviceVersion=&appVersion=&deviceDNT=&userId=&advertisingId=&deviceLat=&deviceLon=-&app_name=&appName=&appStoreUrl=&profileLimit=high</sublink>
            <sublink name="Stream 2 ">https://stitcher.pluto.tv/stitch/hls/channel/5aec96ec5126c2157123c657/master.m3u8?deviceType=web&deviceMake=Chrome&deviceModel=Chrome&sid=d4e39858-3408-4e56-aaa4-b88b44412557&deviceId=fe5e8fab-2fda-4c6e-b1a5-43fc8823fca1&deviceVersion=69.0.3497.100&appVersion=2.1.4&deviceDNT=0&userId=&advertisingId=&deviceLat=37.6783&deviceLon=-120.9501&app_name=&appName=&appStoreUrl=&serverSideAds=true</sublink>
        </link>
        <thumbnail>https://static.pluto.tv/channels/5aec96ec5126c2157123c657/logo.png</thumbnail>
    </item>

    <item>
        <title>Paramount Movie Channel</title>
        <link>
            <sublink name="Stream 1 ">https://stitcher.pluto.tv/stitch/hls/channel/5cb0cae7a461406ffe3f5213/master.m3u8?deviceType=&deviceMake=&deviceVersion=&deviceId=&appVersion=&deviceDNT=0&deviceModel=&embedPartner=pluto.tv&sid=pcuqage0urlhccbp8kbecjc830</sublink>
        </link>
        <thumbnail>https://static.pluto.tv/channels/5cb0cae7a461406ffe3f5213/logo.png</thumbnail>
    </item>

    <item>
        <title>People TV</title>
        <link>
            <sublink name="Stream 1 ">https://stitcher.pluto.tv/stitch/hls/channel/59c2c3ae40e64939daad8b76/master.m3u8?deviceType=&deviceMake=&deviceModel=&sid=0&deviceId=&deviceVersion=&appVersion=&deviceDNT=&userId=&advertisingId=&deviceLat=&deviceLon=-&app_name=&appName=&appStoreUrl=&profileLimit=high</sublink>
            <sublink name="Stream 2 ">https://stitcher.pluto.tv/stitch/hls/channel/59c2c3ae40e64939daad8b76/master.m3u8?deviceType=web&deviceMake=Chrome&deviceModel=Chrome&sid=d4e39858-3408-4e56-aaa4-b88b44412557&deviceId=fe5e8fab-2fda-4c6e-b1a5-43fc8823fca1&deviceVersion=69.0.3497.100&appVersion=2.1.4&deviceDNT=0&userId=&advertisingId=&deviceLat=37.6783&deviceLon=-120.9501&app_name=&appName=&appStoreUrl=&serverSideAds=true</sublink>
        </link>
        <thumbnail>https://static.pluto.tv/channels/59c2c3ae40e64939daad8b76/logo.png</thumbnail>
    </item>

    <item>
        <title>PopSugar</title>
        <link>
            <sublink name="Stream 1 ">https://stitcher.pluto.tv/stitch/hls/channel/561721d6ada51f8004c4b474/master.m3u8?deviceType=&deviceMake=&deviceModel=&sid=2&deviceId=&deviceVersion=&appVersion=&deviceDNT=&userId=&advertisingId=&deviceLat=&deviceLon=-&app_name=&appName=&appStoreUrl=&profileLimit=high</sublink>
        </link>
        <thumbnail>https://static.pluto.tv/channels/561721d6ada51f8004c4b474/logo.png</thumbnail>
    </item>

    <item>
        <title>Retro Drama</title>
        <link>
            <sublink name="Stream 1 ">https://stitcher.pluto.tv/stitch/hls/channel/5c5c3195f21b553c1f673faf/master.m3u8?deviceType=&deviceMake=&deviceVersion=&deviceId=&appVersion=&deviceDNT=0&deviceModel=&embedPartner=pluto.tv&sid=a63a4iic6a2islfekugkgdsul4</sublink>
        </link>
        <thumbnail>https://static.pluto.tv/channels/5c5c3195f21b553c1f673faf/logo.png</thumbnail>
    </item>

    <item>
        <title>Retro Toons</title>
        <link>
            <sublink name="Stream 1 ">https://stitcher.pluto.tv/stitch/hls/channel/5c5c2b9d8002db3c3e0b1c6d/master.m3u8?deviceType=&deviceMake=&deviceVersion=&deviceId=&appVersion=&deviceDNT=0&deviceModel=&embedPartner=pluto.tv&sid=a45b9ea1nuf9ijm985tiag4ge6</sublink>
        </link>
        <thumbnail>https://static.pluto.tv/channels/5c5c2b9d8002db3c3e0b1c6d/logo.png</thumbnail>
    </item>

    <item>
        <title>Revry</title>
        <link>
            <sublink name="Stream 1 ">https://stitcher.pluto.tv/stitch/hls/channel/5ac7d243cd17c85601684f57/master.m3u8?deviceType=&deviceMake=&deviceVersion=&deviceId=&appVersion=&deviceDNT=0&deviceModel=&embedPartner=pluto.tv&sid=iaasl9n3jh3esnglai5na3geu7</sublink>
        </link>
        <thumbnail>https://static.pluto.tv/channels/5ac7d243cd17c85601684f57/logo.png</thumbnail>
    </item>

    <item>
        <title>RiffTrax</title>
        <link>
            <sublink name="Stream 1 ">https://stitcher.pluto.tv/stitch/hls/channel/58d947b9e420d8656ee101ab/master.m3u8?deviceType=&deviceMake=&deviceModel=&sid=2&deviceId=&deviceVersion=&appVersion=&deviceDNT=&userId=&advertisingId=&deviceLat=&deviceLon=-&app_name=&appName=&appStoreUrl=&profileLimit=high</sublink>
            <sublink name="Stream 2 ">https://stitcher.pluto.tv/stitch/hls/channel/58d947b9e420d8656ee101ab/master.m3u8?deviceType=web&deviceMake=Chrome&deviceModel=Chrome&sid=d4e39858-3408-4e56-aaa4-b88b44412557&deviceId=fe5e8fab-2fda-4c6e-b1a5-43fc8823fca1&deviceVersion=69.0.3497.100&appVersion=2.1.4&deviceDNT=0&userId=&advertisingId=&deviceLat=37.6783&deviceLon=-120.9501&app_name=&appName=&appStoreUrl=&serverSideAds=true</sublink>
        </link>
        <thumbnail>https://static.pluto.tv/channels/58d947b9e420d8656ee101ab/logo.png</thumbnail>
    </item>

    <item>
        <title>Romance</title>
        <link>
            <sublink name="Stream 1 ">https://stitcher.pluto.tv/stitch/hls/channel/5a66795ef91fef2c7031c599/master.m3u8?deviceType=&deviceMake=&deviceVersion=&deviceId=&appVersion=&deviceDNT=0&deviceModel=&embedPartner=pluto.tv&sid=rb3stkgum0jt2soq367mu97333</sublink>
        </link>
        <thumbnail>https://static.pluto.tv/channels/5a66795ef91fef2c7031c599/logo.png</thumbnail>
    </item>

    <item>
        <title>Science TV</title>
        <link>
            <sublink name="Stream 1 ">https://stitcher.pluto.tv/stitch/hls/channel/563a970aa1a1f7fe7c9daad7/master.m3u8?deviceType=&deviceMake=&deviceModel=&sid=2&deviceId=&deviceVersion=&appVersion=&deviceDNT=&userId=&advertisingId=&deviceLat=&deviceLon=-&app_name=&appName=&appStoreUrl=&profileLimit=high</sublink>
        </link>
        <thumbnail>https://static.pluto.tv/channels/563a970aa1a1f7fe7c9daad7/logo.png</thumbnail>
    </item>

    <item>
        <title>ShoutFactoryTV</title>
        <link>
            <sublink name="Stream 1 ">https://stitcher.pluto.tv/stitch/hls/channel/55a6a3275616b6240c26f393/master.m3u8?deviceType=&deviceMake=&deviceModel=&sid=2&deviceId=&deviceVersion=&appVersion=&deviceDNT=&userId=&advertisingId=&deviceLat=&deviceLon=-&app_name=&appName=&appStoreUrl=&profileLimit=high</sublink>
            <sublink name="Stream 2 ">https://stitcher.pluto.tv/stitch/hls/channel/55a6a3275616b6240c26f393/master.m3u8?deviceType=web&deviceMake=Chrome&deviceModel=Chrome&sid=d4e39858-3408-4e56-aaa4-b88b44412557&deviceId=fe5e8fab-2fda-4c6e-b1a5-43fc8823fca1&deviceVersion=69.0.3497.100&appVersion=2.1.4&deviceDNT=0&userId=&advertisingId=&deviceLat=37.6783&deviceLon=-120.9501&app_name=&appName=&appStoreUrl=&serverSideAds=true</sublink>
        </link>
        <thumbnail>https://static.pluto.tv/channels/55a6a3275616b6240c26f393/logo.png</thumbnail>
    </item>

    <item>
        <title>Sitcoms</title>
        <link>
            <sublink name="Stream 1 ">https://stitcher.pluto.tv/stitch/hls/channel/5c2d64ffbdf11b71587184b8/master.m3u8?deviceType=&deviceMake=&deviceVersion=&deviceId=&appVersion=&deviceDNT=0&deviceModel=&embedPartner=pluto.tv&sid=z8orq3a8c0i8mnij1r1q96i7p0</sublink>
        </link>
        <thumbnail>https://static.pluto.tv/channels/5c2d64ffbdf11b71587184b8/logo.png</thumbnail>
    </item>

    <item>
        <title>Slow TV</title>
        <link>
            <sublink name="Stream 1 ">https://stitcher.pluto.tv/stitch/hls/channel/5317bfebff98025b3200ff99/master.m3u8?deviceType=&deviceMake=&deviceModel=&sid=b4c19bad-f2ee-41c2-8e28-fbd87d36e3a3&deviceId=&deviceVersion=&appVersion=&deviceDNT=&userId=&advertisingId=&deviceLat=&deviceLon=-&app_name=&appName=&appStoreUrl=&profileLimit=high</sublink>
        </link>
        <thumbnail>https://static.pluto.tv/channels/5317bfebff98025b3200ff99/logo.png</thumbnail>
    </item>

    <item>
        <title>Spike</title>
        <link>
            <sublink name="Stream 1 ">https://stitcher.pluto.tv/stitch/hls/channel/5812bcc8237a6ff45d16c407/master.m3u8?deviceType=&deviceMake=&deviceModel=&sid=2&deviceId=&deviceVersion=&appVersion=&deviceDNT=&userId=&advertisingId=&deviceLat=&deviceLon=-&app_name=&appName=&appStoreUrl=&profileLimit=high</sublink>
            <sublink name="Stream 2 ">https://stitcher.pluto.tv/stitch/hls/channel/5812bcc8237a6ff45d16c407/master.m3u8?deviceType=web&deviceMake=Chrome&deviceModel=Chrome&sid=d4e39858-3408-4e56-aaa4-b88b44412557&deviceId=fe5e8fab-2fda-4c6e-b1a5-43fc8823fca1&deviceVersion=69.0.3497.100&appVersion=2.1.4&deviceDNT=0&userId=&advertisingId=&deviceLat=37.6783&deviceLon=-120.9501&app_name=&appName=&appStoreUrl=&serverSideAds=true</sublink>
            <sublink name="Stream 3 ">https://stitcher.pluto.tv/stitch/hls/channel/5812bcc8237a6ff45d16c407/master.m3u8?deviceType=&deviceMake=&deviceVersion=&deviceId=&appVersion=&deviceDNT=0&deviceModel=&embedPartner=pluto.tv&sid=lcuqage0urlhccbp8kbecjc830</sublink>
        </link>
        <thumbnail>https://static.pluto.tv/channels/5812bcc8237a6ff45d16c407/logo.png</thumbnail>
    </item>

    <item>
        <title>Spike Outdoors</title>
        <link>
            <sublink name="Stream 1 ">https://stitcher.pluto.tv/stitch/hls/channel/5c393cad2de254456f7ef8c2/master.m3u8?deviceType=&deviceMake=&deviceVersion=&deviceId=&appVersion=&deviceDNT=0&deviceModel=&embedPartner=pluto.tv&sid=mcuqage0urlhccbp8kbecjc830</sublink>
            <sublink name="Stream 2 ">https://stitcher.pluto.tv/stitch/hls/channel/5c393cad2de254456f7ef8c2/master.m3u8?deviceType=&deviceMake=&deviceVersion=&deviceId=&appVersion=&deviceDNT=0&deviceModel=&embedPartner=pluto.tv&sid=b37cef12f9heq1mq8ah9ia4h70</sublink>
        </link>
        <thumbnail>https://static.pluto.tv/channels/5c393cad2de254456f7ef8c2/logo.png</thumbnail>
    </item>

    <item>
        <title>Sports</title>
        <link>
            <sublink name="Stream 1 ">https://stitcher.pluto.tv/stitch/hls/channel/56340779a738201b4ccfeac9/master.m3u8?deviceType=&deviceMake=&deviceVersion=&deviceId=&appVersion=&deviceDNT=0&deviceModel=&embedPartner=pluto.tv&sid=tb3stkgum0jt2soq367mu97333</sublink>
            <sublink name="Stream 2 ">https://stitcher.pluto.tv/stitch/hls/channel/56340779a738201b4ccfeac9/master.m3u8?deviceType=web&deviceMake=Chrome&deviceModel=Chrome&sid=d4e39858-3408-4e56-aaa4-b88b44412557&deviceId=fe5e8fab-2fda-4c6e-b1a5-43fc8823fca1&deviceVersion=69.0.3497.100&appVersion=2.1.4&deviceDNT=0&userId=&advertisingId=&deviceLat=37.6783&deviceLon=-120.9501&app_name=&appName=&appStoreUrl=&serverSideAds=true</sublink>
        </link>
        <thumbnail>https://static.pluto.tv/channels/56340779a738201b4ccfeac9/logo.png</thumbnail>
    </item>

    <item>
        <title>Sports News</title>
        <link>
            <sublink name="Stream 1 ">https://stitcher.pluto.tv/stitch/hls/channel/5812b223e58ad7c757009420/master.m3u8?deviceType=&deviceMake=&deviceModel=&sid=b4c19bad-f2ee-41c2-8e28-fbd87d36e3a3&deviceId=&deviceVersion=&appVersion=&deviceDNT=&userId=&advertisingId=&deviceLat=&deviceLon=-&app_name=&appName=&appStoreUrl=&profileLimit=high</sublink>
            <sublink name="Stream 2 ">https://stitcher.pluto.tv/stitch/hls/channel/5812b223e58ad7c757009420/master.m3u8?deviceType=web&deviceMake=Chrome&deviceModel=Chrome&sid=d4e39858-3408-4e56-aaa4-b88b44412557&deviceId=fe5e8fab-2fda-4c6e-b1a5-43fc8823fca1&deviceVersion=69.0.3497.100&appVersion=2.1.4&deviceDNT=0&userId=&advertisingId=&deviceLat=37.6783&deviceLon=-120.9501&app_name=&appName=&appStoreUrl=&serverSideAds=true</sublink>
        </link>
        <thumbnail>https://static.pluto.tv/channels/5812b223e58ad7c757009420/logo.png</thumbnail>
    </item>

    <item>
        <title>Spotlight</title>
        <link>
            <sublink name="Stream 1 ">https://stitcher.pluto.tv/stitch/hls/channel/5ba3fb9c4b078e0f37ad34e8/master.m3u8?deviceType=&deviceMake=&deviceModel=&sid=b4c19bad-f2ee-41c2-8e28-fbd87d36e3a3&deviceId=&deviceVersion=&appVersion=&deviceDNT=&userId=&advertisingId=&deviceLat=&deviceLon=-&app_name=&appName=&appStoreUrl=&profileLimit=high</sublink>
        </link>
        <thumbnail>https://static.pluto.tv/channels/5ba3fb9c4b078e0f37ad34e8/logo.png</thumbnail>
    </item>

    <item>
        <title>Stand-Up TV</title>
        <link>
            <sublink name="Stream 1 ">https://stitcher.pluto.tv/stitch/hls/channel/5637d31f319573e26b64040b/master.m3u8?deviceType=&deviceMake=&deviceModel=&sid=4&deviceId=&deviceVersion=&appVersion=&deviceDNT=&userId=&advertisingId=&deviceLat=&deviceLon=-&app_name=&appName=&appStoreUrl=&profileLimit=high</sublink>
            <sublink name="Stream 2 ">https://stitcher.pluto.tv/stitch/hls/channel/5637d31f319573e26b64040b/master.m3u8?deviceType=web&deviceMake=Chrome&deviceModel=Chrome&sid=d4e39858-3408-4e56-aaa4-b88b44412557&deviceId=fe5e8fab-2fda-4c6e-b1a5-43fc8823fca1&deviceVersion=69.0.3497.100&appVersion=2.1.4&deviceDNT=0&userId=&advertisingId=&deviceLat=37.6783&deviceLon=-120.9501&app_name=&appName=&appStoreUrl=&serverSideAds=true</sublink>
        </link>
        <thumbnail>https://static.pluto.tv/channels/5637d31f319573e26b64040b/logo.png</thumbnail>
    </item>

    <item>
        <title>Survivorman</title>
        <link>
            <sublink name="Stream 1 ">https://stitcher.pluto.tv/stitch/hls/channel/5c6eec031846c82e15e01a9a/master.m3u8?deviceType=&deviceMake=&deviceVersion=&deviceId=&appVersion=&deviceDNT=0&deviceModel=&embedPartner=pluto.tv&sid=a37cef12f9heq1mq8ah9ia4h70</sublink>
        </link>
        <thumbnail>https://static.pluto.tv/channels/5c6eec031846c82e15e01a9a/logo.png</thumbnail>
    </item>

    <item>
        <title>THC</title>
        <link>
            <sublink name="Stream 1 ">https://stitcher.pluto.tv/stitch/hls/channel/5633f71888576f124c834ef4/master.m3u8?deviceType=&deviceMake=&deviceModel=&sid=2&deviceId=&deviceVersion=&appVersion=&deviceDNT=&userId=&advertisingId=&deviceLat=&deviceLon=-&app_name=&appName=&appStoreUrl=&profileLimit=high</sublink>
        </link>
        <thumbnail>https://static.pluto.tv/channels/5633f71888576f124c834ef4/logo.png</thumbnail>
    </item>

    <item>
        <title>The Asylum</title>
        <link>
            <sublink name="Stream 1 ">https://stitcher.pluto.tv/stitch/hls/channel/591105034c1806b47438342c/master.m3u8?deviceType=&deviceMake=&deviceModel=&sid=2&deviceId=&deviceVersion=&appVersion=&deviceDNT=&userId=&advertisingId=&deviceLat=&deviceLon=-&app_name=&appName=&appStoreUrl=&profileLimit=high</sublink>
        </link>
        <thumbnail>https://static.pluto.tv/channels/591105034c1806b47438342c/logo.png</thumbnail>
    </item>

    <item>
        <title>The Feed</title>
        <link>
            <sublink name="Stream 1 ">https://stitcher.pluto.tv/stitch/hls/channel/54173136ff9fba68282f4d53/master.m3u8?deviceType=&deviceMake=&deviceModel=&sid=2&deviceId=&deviceVersion=&appVersion=&deviceDNT=&userId=&advertisingId=&deviceLat=&deviceLon=-&app_name=&appName=&appStoreUrl=&profileLimit=high</sublink>
        </link>
        <thumbnail>https://static.pluto.tv/channels/54173136ff9fba68282f4d53/logo.png</thumbnail>
    </item>

    <item>
        <title>The New Detectives</title>
        <link>
            <sublink name="Stream 1 ">https://stitcher.pluto.tv/stitch/hls/channel/5aea40b35126c2157123aa64/master.m3u8?deviceType=&deviceMake=&deviceModel=&sid=5&deviceId=&deviceVersion=&appVersion=&deviceDNT=&userId=&advertisingId=&deviceLat=&deviceLon=-&app_name=&appName=&appStoreUrl=&profileLimit=high</sublink>
            <sublink name="Stream 2 ">https://stitcher.pluto.tv/stitch/hls/channel/5aea40b35126c2157123aa64/master.m3u8?deviceType=web&deviceMake=Chrome&deviceModel=Chrome&sid=d4e39858-3408-4e56-aaa4-b88b44412557&deviceId=fe5e8fab-2fda-4c6e-b1a5-43fc8823fca1&deviceVersion=69.0.3497.100&appVersion=2.1.4&deviceDNT=0&userId=&advertisingId=&deviceLat=37.6783&deviceLon=-120.9501&app_name=&appName=&appStoreUrl=&serverSideAds=true</sublink>
        </link>
        <thumbnail>https://static.pluto.tv/channels/5aea40b35126c2157123aa64/logo.png</thumbnail>
    </item>

    <item>
        <title>The Onion</title>
        <link>
            <sublink name="Stream 1 ">https://stitcher.pluto.tv/stitch/hls/channel/5616fc1cf39f506e04b61dfc/master.m3u8?deviceType=&deviceMake=&deviceVersion=&deviceId=&appVersion=&deviceDNT=0&deviceModel=&embedPartner=pluto.tv&sid=oaasl9n3jh3esnglai5na3geu7</sublink>
            <sublink name="Stream 2 ">https://stitcher.pluto.tv/stitch/hls/channel/5616fc1cf39f506e04b61dfc/master.m3u8?deviceType=web&deviceMake=Chrome&deviceModel=Chrome&sid=d4e39858-3408-4e56-aaa4-b88b44412557&deviceId=fe5e8fab-2fda-4c6e-b1a5-43fc8823fca1&deviceVersion=69.0.3497.100&appVersion=2.1.4&deviceDNT=0&userId=&advertisingId=&deviceLat=37.6783&deviceLon=-120.9501&app_name=&appName=&appStoreUrl=&serverSideAds=true</sublink>
        </link>
        <thumbnail>https://static.pluto.tv/channels/5616fc1cf39f506e04b61dfc/logo.png</thumbnail>
    </item>

    <item>
        <title>The Pet Collective</title>
        <link>
            <sublink name="Stream 1 ">https://stitcher.pluto.tv/stitch/hls/channel/5bb1ad55268cae539bcedb08/master.m3u8?deviceType=&deviceMake=&deviceModel=&sid=b4c19bad-f2ee-41c2-8e28-fbd87d36e3a3&deviceId=&deviceVersion=&appVersion=&deviceDNT=&userId=&advertisingId=&deviceLat=&deviceLon=-&app_name=&appName=&appStoreUrl=&profileLimit=high</sublink>
        </link>
        <thumbnail>https://static.pluto.tv/channels/5bb1ad55268cae539bcedb08/logo.png</thumbnail>
    </item>

    <item>
        <title>The Surf Channel</title>
        <link>
            <sublink name="Stream 1 ">https://stitcher.pluto.tv/stitch/hls/channel/56377913f7c493ce618c4de1/master.m3u8?deviceType=&deviceMake=&deviceModel=&sid=4&deviceId=&deviceVersion=&appVersion=&deviceDNT=&userId=&advertisingId=&deviceLat=&deviceLon=-&app_name=&appName=&appStoreUrl=&profileLimit=high</sublink>
            <sublink name="Stream 2 ">https://stitcher.pluto.tv/stitch/hls/channel/56377913f7c493ce618c4de1/master.m3u8?deviceType=web&deviceMake=Chrome&deviceModel=Chrome&sid=d4e39858-3408-4e56-aaa4-b88b44412557&deviceId=fe5e8fab-2fda-4c6e-b1a5-43fc8823fca1&deviceVersion=69.0.3497.100&appVersion=2.1.4&deviceDNT=0&userId=&advertisingId=&deviceLat=37.6783&deviceLon=-120.9501&app_name=&appName=&appStoreUrl=&serverSideAds=true</sublink>
        </link>
        <thumbnail>https://static.pluto.tv/channels/56377913f7c493ce618c4de1/logo.png</thumbnail>
    </item>

    <item>
        <title>Thrillers</title>
        <link>
            <sublink name="Stream 1 ">https://stitcher.pluto.tv/stitch/hls/channel/5b4e69e08291147bd04a9fd7/master.m3u8?deviceType=&deviceMake=&deviceModel=&sid=b4c19bad-f2ee-41c2-8e28-fbd87d36e3a3&deviceId=&deviceVersion=&appVersion=&deviceDNT=&userId=&advertisingId=&deviceLat=&deviceLon=-&app_name=&appName=&appStoreUrl=&profileLimit=high</sublink>
        </link>
        <thumbnail>https://static.pluto.tv/channels/5b4e69e08291147bd04a9fd7/logo.png</thumbnail>
    </item>

    <item>
        <title>Todays Top Stories</title>
        <link>
            <sublink name="Stream 1 ">https://stitcher.pluto.tv/stitch/hls/channel/58e3f1fa91586c9d2fbe7579/master.m3u8?deviceType=web&deviceMake=Chrome&deviceModel=Chrome&sid=f58b3c32-87c9-4a36-b295-27a80a668599&deviceId=fe5e8fab-2fda-4c6e-b1a5-43fc8823fca1&deviceVersion=69.0.3497.100&appVersion=2.1.4&deviceDNT=0&userId=&advertisingId=&deviceLat=37.6783&deviceLon=-120.9501&app_name=&appName=&appStoreUrl=&serverSideAds=true</sublink>
        </link>
        <thumbnail>https://static.pluto.tv/channels/58e3f1fa91586c9d2fbe7579/logo.png</thumbnail>
    </item>

    <item>
        <title>Travel</title>
        <link>
            <sublink name="Stream 1 ">https://stitcher.pluto.tv/stitch/hls/channel/59c01b1953680139c6ae9d4d/master.m3u8?deviceType=&deviceMake=&deviceVersion=&deviceId=&appVersion=&deviceDNT=0&deviceModel=&embedPartner=pluto.tv&sid=aoelrk6ul5u6hqj57r05399uc4</sublink>
        </link>
        <thumbnail>https://static.pluto.tv/channels/59c01b1953680139c6ae9d4d/logo.png</thumbnail>
    </item>

    <item>
        <title>Unsolved Mysteries (Opt-1)</title>
        <link>
            <sublink name="Stream 1 ">https://stitcher.pluto.tv/stitch/hls/channel/5b4e96a0423e067bd6df6901/master.m3u8?deviceType=&deviceMake=&deviceModel=&sid=b4c19bad-f2ee-41c2-8e28-fbd87d36e3a3&deviceId=&deviceVersion=&appVersion=&deviceDNT=&userId=&advertisingId=&deviceLat=&deviceLon=-&app_name=&appName=&appStoreUrl=&profileLimit=high</sublink>
        </link>
        <thumbnail>https://static.pluto.tv/channels/5b4e96a0423e067bd6df6901/logo.png</thumbnail>
    </item>

    <item>
        <title>Unsolved Mysteries (Opt-2)</title>
        <link>
            <sublink name="Stream 1 ">https://stitcher.pluto.tv/stitch/hls/channel/5b4e96a0423e067bd6df6901/master.m3u8?deviceType=&deviceMake=&deviceVersion=&deviceId=&appVersion=&deviceDNT=&deviceModel=&embedPartner=pluto.tv&sid=3792htruebflrgcrn4utr475i7</sublink>
        </link>
        <thumbnail>https://static.pluto.tv/channels/5b4e96a0423e067bd6df6901/logo.png</thumbnail>
    </item>

    <item>
        <title>Vibes</title>
        <link>
            <sublink name="Stream 1 ">https://stitcher.pluto.tv/stitch/hls/channel/5949b0ee44611d474e44d24e/master.m3u8?deviceType=web&deviceMake=Chrome&deviceModel=Chrome&sid=d4e39858-3408-4e56-aaa4-b88b44412557&deviceId=fe5e8fab-2fda-4c6e-b1a5-43fc8823fca1&deviceVersion=69.0.3497.100&appVersion=2.1.4&deviceDNT=0&userId=&advertisingId=&deviceLat=37.6783&deviceLon=-120.9501&app_name=&appName=&appStoreUrl=&serverSideAds=true</sublink>
        </link>
        <thumbnail>https://static.pluto.tv/channels/5949b0ee44611d474e44d24e/logo.png</thumbnail>
    </item>

    <item>
        <title>Voyager Documentaries</title>
        <link>
            <sublink name="Stream 1 ">https://stitcher.pluto.tv/stitch/hls/channel/589aa03df9ba56a84197a560/master.m3u8?deviceType=&deviceMake=&deviceVersion=&deviceId=&appVersion=&deviceDNT=0&deviceModel=&embedPartner=pluto.tv&sid=d24jbjrh2o33lln3jns6j2tmn0</sublink>
            <sublink name="Stream 2 ">https://stitcher.pluto.tv/stitch/hls/channel/589aa03df9ba56a84197a560/master.m3u8?deviceType=&deviceMake=&deviceModel=&sid=2&deviceId=&deviceVersion=&appVersion=&deviceDNT=&userId=&advertisingId=&deviceLat=&deviceLon=-&app_name=&appName=&appStoreUrl=&profileLimit=high</sublink>
        </link>
        <thumbnail>https://static.pluto.tv/channels/589aa03df9ba56a84197a560/logo.png</thumbnail>
    </item>

    <item>
        <title>Wahlburgers</title>
        <link>
            <sublink name="Stream 1 ">https://stitcher.pluto.tv/stitch/hls/channel/5c6eeb011846c82e15e01a99/master.m3u8?deviceType=&deviceMake=&deviceVersion=&deviceId=&appVersion=&deviceDNT=0&deviceModel=&embedPartner=pluto.tv&sid=a6vkbe38fqjt8dhs9uov8ef1t7</sublink>
        </link>
        <thumbnail>https://static.pluto.tv/channels/5c6eeb011846c82e15e01a99/logo.png</thumbnail>
    </item>

    <item>
        <title>What's On?</title>
        <link>
            <sublink name="Stream 1 ">https://stitcher.pluto.tv/stitch/hls/channel/58e2cd77a84e99942f414e68/master.m3u8?deviceType=&deviceMake=&deviceModel=&sid=4&deviceId=&deviceVersion=&appVersion=&deviceDNT=&userId=&advertisingId=&deviceLat=&deviceLon=-&app_name=&appName=&appStoreUrl=&profileLimit=high</sublink>
        </link>
        <thumbnail>https://static.pluto.tv/channels/58e2cd77a84e99942f414e68/logo.png</thumbnail>
    </item>

    <item>
        <title>What?!</title>
        <link>
            <sublink name="Stream 1 ">https://stitcher.pluto.tv/stitch/hls/channel/5808e8c360976cdc1b19d374/master.m3u8?deviceType=&deviceMake=&deviceModel=&sid=4&deviceId=&deviceVersion=&appVersion=&deviceDNT=&userId=&advertisingId=&deviceLat=&deviceLon=-&app_name=&appName=&appStoreUrl=&profileLimit=high</sublink>
            <sublink name="Stream 2 ">https://stitcher.pluto.tv/stitch/hls/channel/5808e8c360976cdc1b19d37/master.m3u8?deviceType=web&deviceMake=Chrome&deviceModel=Chrome&sid=d4e39858-3408-4e56-aaa4-b88b44412557&deviceId=fe5e8fab-2fda-4c6e-b1a5-43fc8823fca1&deviceVersion=69.0.3497.100&appVersion=2.1.4&deviceDNT=0&userId=&advertisingId=&deviceLat=37.6783&deviceLon=-120.9501&app_name=&appName=&appStoreUrl=&serverSideAds=true</sublink>
        </link>
        <thumbnail>https://static.pluto.tv/channels/5808e8c360976cdc1b19d374/logo.png</thumbnail>
    </item>

    <item>
        <title>Wipeout</title>
        <link>
            <sublink name="Stream 1 ">https://stitcher.pluto.tv/stitch/hls/channel/5ab3e1242be690697279c75d/master.m3u8?deviceType=&deviceMake=&deviceModel=&sid=5&deviceId=&deviceVersion=&appVersion=&deviceDNT=&userId=&advertisingId=&deviceLat=&deviceLon=-&app_name=&appName=&appStoreUrl=&profileLimit=high</sublink>
            <sublink name="Stream 2 ">https://stitcher.pluto.tv/stitch/hls/channel/5ab3e1242be690697279c75d/master.m3u8?deviceType=web&deviceMake=Chrome&deviceModel=Chrome&sid=d4e39858-3408-4e56-aaa4-b88b44412557&deviceId=fe5e8fab-2fda-4c6e-b1a5-43fc8823fca1&deviceVersion=69.0.3497.100&appVersion=2.1.4&deviceDNT=0&userId=&advertisingId=&deviceLat=37.6783&deviceLon=-120.9501&app_name=&appName=&appStoreUrl=&serverSideAds=true</sublink>
        </link>
        <thumbnail>https://static.pluto.tv/channels/5ab3e1242be690697279c75d/logo.png</thumbnail>
    </item>

    <item>
        <title>World Poker Tour</title>
        <link>
            <sublink name="Stream 1 ">https://stitcher.pluto.tv/stitch/hls/channel/5616f9c0ada51f8004c4b091/master.m3u8?deviceType=&deviceMake=&deviceModel=&sid=4&deviceId=&deviceVersion=&appVersion=&deviceDNT=&userId=&advertisingId=&deviceLat=&deviceLon=-&app_name=&appName=&appStoreUrl=&profileLimit=high</sublink>
            <sublink name="Stream 2 ">https://stitcher.pluto.tv/stitch/hls/channel/5616f9c0ada51f8004c4b091/master.m3u8?deviceType=web&deviceMake=Chrome&deviceModel=Chrome&sid=d4e39858-3408-4e56-aaa4-b88b44412557&deviceId=fe5e8fab-2fda-4c6e-b1a5-43fc8823fca1&deviceVersion=69.0.3497.100&appVersion=2.1.4&deviceDNT=0&userId=&advertisingId=&deviceLat=37.6783&deviceLon=-120.9501&app_name=&appName=&appStoreUrl=&serverSideAds=true</sublink>
        </link>
        <thumbnail>https://static.pluto.tv/channels/5616f9c0ada51f8004c4b091/logo.png</thumbnail>
    </item>

    <item>
        <title>Yu-Gi-Oh! 5D’s</title>
        <link>
            <sublink name="Stream 1 ">https://stitcher.pluto.tv/stitch/hls/channel/5c363ac9e41be30cb6054c7c/master.m3u8?deviceType=&deviceMake=&deviceVersion=&deviceId=&appVersion=&deviceDNT=0&deviceModel=&embedPartner=pluto.tv&sid=b45b9ea1nuf9ijm985tiag4ge6</sublink>
        </link>
        <thumbnail>https://static.pluto.tv/channels/5c363ac9e41be30cb6054c7c/logo.png</thumbnail>
    </item>

</xml>


