<xml>


    <plugin>
        <title>NHL Highlights</title>
        <link>plugin://plugin.video.youtube/channel/UCqFMzb-4AUf6WAIbl132QKA/</link>
        <thumbnail>http://tubularinsights.com/wp-content/uploads/2011/02/youtube-sports.jpg</thumbnail>
    </plugin>


    <plugin>
        <title>NHL Condensed Games</title>
        <link>plugin://plugin.video.youtube/playlist/PL1NbHSfosBuHInmjsLcBuqeSV256FqlOO/</link>
        <thumbnail>http://tubularinsights.com/wp-content/uploads/2011/02/youtube-sports.jpg</thumbnail>
    </plugin>


    <plugin>
        <title>NFL Highlights</title>
        <link>plugin://plugin.video.youtube/channel/UCDVYQ4Zhbm3S2dlz7P1GBDg/</link>
        <thumbnail>http://tubularinsights.com/wp-content/uploads/2011/02/youtube-sports.jpg</thumbnail>
    </plugin>


    <plugin>
        <title>NFL's Greatest Games</title>
        <link>plugin://plugin.video.youtube/playlist/PLF5Hk7QWP0B0dp7yf-lT_XH2hpgCuGNNn/</link>
        <thumbnail>http://tubularinsights.com/wp-content/uploads/2011/02/youtube-sports.jpg</thumbnail>
    </plugin>


    <plugin>
        <title>Full Super Bowl Full Games</title>
        <link>plugin://plugin.video.youtube/playlist/PLAFofquTibBffDhRNw7HzJGSEOXE1_SzB/</link>
        <thumbnail>http://tubularinsights.com/wp-content/uploads/2011/02/youtube-sports.jpg</thumbnail>
    </plugin>


    <plugin>
        <title>ESPN 30 for 30</title>
        <link>plugin://plugin.video.youtube/playlist/PLuv3U762gW2-VTPQ8K-a4R8bf72OmZuJQ/</link>
        <thumbnail>http://tubularinsights.com/wp-content/uploads/2011/02/youtube-sports.jpg</thumbnail>
    </plugin>


    <plugin>
        <title>NBA Highlights</title>
        <link>plugin://plugin.video.youtube/channel/UCWJ2lWNubArHWmf3FIHbfcQ/</link>
        <thumbnail>http://tubularinsights.com/wp-content/uploads/2011/02/youtube-sports.jpg</thumbnail>
    </plugin>


    <plugin>
        <title>Greatest Moments in NBA History</title>
        <link>plugin://plugin.video.youtube/playlist/PLoZu-sKOqjja6IPnyDQGCla3vDrwxQXrc/</link>
        <thumbnail>http://tubularinsights.com/wp-content/uploads/2011/02/youtube-sports.jpg</thumbnail>
    </plugin>


    <plugin>
        <title>NBA Full Game Highlights | 2018-19 NBA Season</title>
        <link>plugin://plugin.video.youtube/playlist/PL5j8RirTTnK5rfAPFJFwaqJvLweQynhjq/</link>
        <thumbnail>http://tubularinsights.com/wp-content/uploads/2011/02/youtube-sports.jpg</thumbnail>
    </plugin>


    <plugin>
        <title>MLB Highlights</title>
        <link>plugin://plugin.video.youtube/channel/UCoLrcjPV5PbUrUyXq5mjc_A/</link>
        <thumbnail>http://tubularinsights.com/wp-content/uploads/2011/02/youtube-sports.jpg</thumbnail>
    </plugin>


    <plugin>
        <title>MLB Best of 2019</title>
        <link>plugin://plugin.video.youtube/playlist/PLL-lmlkrmJanSaR0jOf6OrVdihP_2tt1S/</link>
        <thumbnail>http://tubularinsights.com/wp-content/uploads/2011/02/youtube-sports.jpg</thumbnail>
    </plugin>


    <plugin>
        <title>Past World Series Games</title>
        <link>plugin://plugin.video.youtube/playlist/PLi70flcQkwNu5AF7ZG41bQtVC2a-KYue6/</link>
        <thumbnail>http://tubularinsights.com/wp-content/uploads/2011/02/youtube-sports.jpg</thumbnail>
    </plugin>


    <plugin>
        <title>Major League Soccer Highlights</title>
        <link>plugin://plugin.video.youtube/playlist/UUSZbXT5TLLW_i-5W8FZpFsg/</link>
        <thumbnail>http://tubularinsights.com/wp-content/uploads/2011/02/youtube-sports.jpg</thumbnail>
    </plugin>


    <plugin>
        <title>YouTube Live Sports</title>
        <link>plugin://plugin.video.youtube/playlist/PL8fVUTBmJhHIegh7kgk6KsyLJ7miRBKpO/</link>
        <thumbnail>http://tubularinsights.com/wp-content/uploads/2011/02/youtube-sports.jpg</thumbnail>
    </plugin>


</xml>


